# Curated RepBase family -> (repFamily, repClass) for the hg38 reference index.
#
# Provenance: columns 1, 4 and 5 of the RepBase block (lines 5277-6500) of
# examples/inputs/hg38/MASTER_FILELIST.20201203...wmiRs.tsv, the 2020 reference file.
# Same derivation style as refdata/repbase18.05-classes.txt and -drop-exact.txt.
#
# WHY IT EXISTS (-475.42): 354 of these 1,224 families have no genomic instances in the
# modern UCSC rmsk track, so no repClass/repFamily is available for them and column 4 --
# the label reads are counted under -- would otherwise fall back to the family's own name,
# splitting e.g. alpha-satellite variants out of centr instead of pooling them.
#
# CIRCULAR: derived from the reference, so it must be EXCLUDED when measuring how well an
# autogenerated hg38 filelist reproduces that reference (-475.22). It is consulted only
# AFTER the rmsk table, so current RepeatMasker calls always win and post-2020
# reclassification stays visible rather than being frozen.
#
# Mouse uses this file too: 170 mouse RepBase families share an exact family name with a
# human one, and 167 of 168 shared names carry the identical RepBase class token in both
# species, so a shared name is the same consensus family.
family	repFamily	repClass
MIRB	MIR	SINE
MIR	MIR	SINE
L2C	L2	LINE
ALUJB	Alu	SINE
ALUSX1	Alu	SINE
ALUSX	Alu	SINE
ALUY	Alu	SINE
ALUSZ	Alu	SINE
MIRC	MIR	SINE
L2B	L2	LINE
ALUJR	Alu	SINE
MIR3	MIR	SINE
ALUJO	Alu	SINE
ALUSQ2	Alu	SINE
L2	L2	LINE
ALUSP	Alu	SINE
ALUSZ6	Alu	SINE
L3	CR1	LINE
ALUSG	Alu	SINE
ALUSC	Alu	SINE
MER5A	hAT-Charlie	DNA
L1ME4A	L1	LINE
ALUSX3	Alu	SINE
L1ME1	L1	LINE
L1MC4	L1	LINE
MER5B	hAT-Charlie	DNA
L1MB7	L1	LINE
HAL1	L1	LINE
ALUSC8	Alu	SINE
THE1B	ERVL-MaLR	LTR
MLT1D	ERVL-MaLR	LTR
MLT1A0	ERVL-MaLR	LTR
ALUJR4	Alu	SINE
MSTA	ERVL-MaLR	LTR
MLT1C	ERVL-MaLR	LTR
ALUSQ	Alu	SINE
MLT1B	ERVL-MaLR	LTR
L1MB3	L1	LINE
MLT1K	ERVL-MaLR	LTR
MER20	hAT-Charlie	DNA
L1MB8	L1	LINE
L1MA9	L1	LINE
MER5A1	hAT-Charlie	DNA
L1ME3A	L1	LINE
L1MC5	L1	LINE
MLT1J	ERVL-MaLR	LTR
L1PA16	L1	LINE
MER58A	hAT-Charlie	DNA
L1MC3	L1	LINE
L1PB1	L1	LINE
L1PA7	L1	LINE
L1MC1	L1	LINE
L1ME2	L1	LINE
THE1D	ERVL-MaLR	LTR
TIGGER1	TcMar-Tigger	DNA
L1PA4	L1	LINE
MLT1L	ERVL-MaLR	LTR
L1PA5	L1	LINE
ALUSX4	Alu	SINE
L1MA8	L1	LINE
L1MA4	L1	LINE
L1MD2	L1	LINE
MER3	hAT-Charlie	DNA
L1PA3	L1	LINE
MLT1I	ERVL-MaLR	LTR
L1MB5	L1	LINE
MLT1H	ERVL-MaLR	LTR
THE1C	ERVL-MaLR	LTR
MER33	hAT-Charlie	DNA
MER2	TcMar-Tigger	DNA
L1ME3	L1	LINE
L1MB4	L1	LINE
L1MA3	L1	LINE
L1MB2	L1	LINE
L1PA13	L1	LINE
LTR33	ERVL	LTR
ALUSG7	Alu	SINE
L1MA7	L1	LINE
MSTB	ERVL-MaLR	LTR
MER103C	hAT-Charlie	DNA
L1PA15	L1	LINE
L1PA8	L1	LINE
L1PREC2	L1	LINE
MADE1	TcMar-Mariner	DNA
FRAM	Alu	SINE
ALUSG4	Alu	SINE
MSTD	ERVL-MaLR	LTR
L1PB4	L1	LINE
L1MA2	L1	LINE
L1PA10	L1	LINE
MER58B	hAT-Charlie	DNA
ALUSC5	Alu	SINE
L1MD1	L1	LINE
MLT1A1	ERVL-MaLR	LTR
MLT1J2	ERVL-MaLR	LTR
LTR16C	ERVL	LTR
TIGGER3B	TcMar-Tigger	DNA
L1MC2	L1	LINE
L1MA4A	L1	LINE
L1MB1	L1	LINE
MLT1F2	ERVL-MaLR	LTR
L1PA6	L1	LINE
MER53	hAT	DNA
CHARLIE1A	hAT-Charlie	DNA
MER21C	ERVL	LTR
MLT1N2	ERVL-MaLR	LTR
MAMSINE1	tRNA-RTE	SINE
L1MA6	L1	LINE
MER1B	hAT-Charlie	DNA
HAL1B	L1	LINE
L1MD3	L1	LINE
L1MA10	L1	LINE
L1PA2	L1	LINE
MSTB1	ERVL-MaLR	LTR
MLT1J1	ERVL-MaLR	LTR
MLT1O	ERVL-MaLR	LTR
TIGGER15A	TcMar-Tigger	DNA
MLT1H2	ERVL-MaLR	LTR
ALU	Alu	SINE
MLT2B4	ERVL	LTR
LTR78	ERV1	LTR
L1M4B	L1	LINE
MLT2D	ERVL	LTR
L1MA5	L1	LINE
MER94	hAT-Blackjack	DNA
MLT1F	ERVL-MaLR	LTR
L1MA1	L1	LINE
THE1A	ERVL-MaLR	LTR
FAM	Alu	SINE
MER112	hAT-Charlie	DNA
MER30	hAT-Charlie	DNA
LTR16A	ERVL	LTR
MAMREP605	LTR	LTR
MER20B	hAT-Charlie	DNA
L1PA11	L1	LINE
MER117	hAT-Charlie	DNA
MLT1E2	ERVL-MaLR	LTR
ALUYA5	Alu	SINE
MLT2A2	ERVL	LTR
LTR79	ERVL	LTR
MER113	hAT-Charlie	DNA
MLT2A1	ERVL	LTR
MLT1H1	ERVL-MaLR	LTR
CHARLIE7	hAT-Charlie	DNA
CHARLIE2B	hAT-Charlie	DNA
LTR67B	ERVL	LTR
MLT1G1	ERVL-MaLR	LTR
L1PB3	L1	LINE
MER81	hAT-Blackjack	DNA
TIGGER4A	TcMar-Tigger	DNA
MER63A	hAT-Blackjack	DNA
MER91A	hAT-Tip100	DNA
LTR8	ERV1	LTR
L1MA5A	L1	LINE
MLT1E1A	ERVL-MaLR	LTR
MER39	ERV1	LTR
MLT2B3	ERVL	LTR
MER1A	hAT-Charlie	DNA
MLT1F1	ERVL-MaLR	LTR
MSTC	ERVL-MaLR	LTR
L1ME5	L1	LINE
MARNA	TcMar-Mariner	DNA
TIGGER7	TcMar-Tigger	DNA
TIGGER13A	TcMar-Tigger	DNA
LTR78B	ERV1	LTR
L1PA14	L1	LINE
CHARLIE1B	hAT-Charlie	DNA
LTR16	ERVL	LTR
CHARLIE8	hAT-Charlie	DNA
CHARLIE15A	hAT-Charlie	DNA
ALUYB8	Alu	SINE
MER41B	ERV1	LTR
L1PB2	L1	LINE
MER21B	ERVL	LTR
MER46C	TcMar-Tigger	DNA
TIGGER2	TcMar-Tigger	DNA
MLT1G3	ERVL-MaLR	LTR
MLT1G	ERVL-MaLR	LTR
LTR12C	ERV1	LTR
LTR16A1	ERVL	LTR
CHARLIE5	hAT-Charlie	DNA
MER41A	ERV1	LTR
MER115	hAT-Tip100	DNA
MER58C	hAT-Charlie	DNA
LTR50	ERVL	LTR
MER50	ERV1	LTR
TIGGER3C	TcMar-Tigger	DNA
LTR16E1	ERVL	LTR
MER63B	hAT-Blackjack	DNA
CHARLIE18A	hAT-Charlie	DNA
MER44A	TcMar-Tigger	DNA
MAMREP137	TcMar-Tigger	DNA
MER4A1	ERV1	LTR
LTR16E2	ERVL	LTR
BLACKJACK	hAT-Blackjack	DNA
TIGGER2B_PRI	TcMar-Tigger	DNA
MLT2B2	ERVL	LTR
LTR33A	ERVL	LTR
MER96B	hAT-Tip100	DNA
MER104	TcMar-Tc2	DNA
MER44B	TcMar-Tigger	DNA
MLT1M	ERVL-MaLR	LTR
ALUSQ10	Alu	SINE
CHARLIE2A	hAT-Charlie	DNA
ZAPHOD	hAT-Tip100	DNA
MER2B	TcMar-Tigger	DNA
LTR37B	ERV1	LTR
MER21A	ERVL	LTR
MAMREP434	TcMar-Tigger	DNA
MAMREP38	hAT	DNA
LTR37A	ERV1	LTR
ALUYF1	Alu	SINE
LTR40A	ERVL	LTR
MER8	TcMar-Tigger	DNA
MLT2F	ERVL	LTR
CHARLIE16A	hAT-Charlie	DNA
CHARLIE1	hAT-Charlie	DNA
ALUSQ4	Alu	SINE
HSMAR2	TcMar-Mariner	DNA
LTR16A2	ERVL	LTR
LTR85A	Gypsy	LTR
L1PA12	L1	LINE
MER4B	ERV1	LTR
MER63D	hAT-Blackjack	DNA
TIGGER16A	TcMar-Tigger	DNA
MER67C	ERV1	LTR
L1HS	L1	LINE
LTR16B2	ERVL	LTR
CR1_MAM	CR1	LINE
LTR8B	ERV1	LTR
MER91C	hAT-Tip100	DNA
MER74A	ERVL	LTR
LTR33B	ERVL	LTR
MER91B	hAT-Tip100	DNA
MER4D1	ERV1	LTR
LTR88B	Gypsy	LTR
SVA_D	SVA	SVA
CHARLIE19A	hAT-Charlie	DNA
KANGA2_A	TcMar-Tc2	DNA
LTR49	ERV1	LTR
MER31B	ERV1	LTR
MER66B	ERV1	LTR
MER65A	ERV1	LTR
MLT1J-INT	ERVL-MaLR	LTR
LTR8A	ERV1	LTR
MER34A	ERV1	LTR
MER49	ERV1	LTR
MER52A	ERV1	LTR
MER89	ERV1	LTR
MER77	ERVL	LTR
CHARLIE9	hAT-Charlie	DNA
CHARLIE24	hAT-Charlie	DNA
ALUYE5	Alu	SINE
MLT2C2	ERVL	LTR
MER31A	ERV1	LTR
MER4D	ERV1	LTR
MER5C	hAT-Charlie	DNA
MER34	ERV1	LTR
ALUYK11	Alu	SINE
MER45B	hAT-Tip100	DNA
LTR39	ERV1	LTR
MER96	hAT-Tip100	DNA
MAMREP1527	LTR	LTR
ZAPHOD3	hAT-Tip100	DNA
LTR32	ERVL	LTR
MER45C	hAT-Tip100	DNA
ORSL	hAT-Tip100	DNA
TIGGER16B	TcMar-Tigger	DNA
TIGGER14A	TcMar-Tigger	DNA
MAMREP4096	hAT-Tip100	DNA
MER39B	ERV1	LTR
MER119	hAT-Charlie	DNA
UCON132B	hAT	DNA
LTR84B	ERVL	LTR
MER70B	ERVL	LTR
LTR41	ERVL	LTR
LTR16B1	ERVL	LTR
CHARLIE10	hAT-Charlie	DNA
MER58D	hAT-Charlie	DNA
LTR85B	Gypsy	LTR
MAMGYPLTR1B	Gypsy	LTR
LTR82B	ERVL	LTR
LTR54	ERV1	LTR
LTR81B	Gypsy	LTR
MER57B2	ERV1	LTR
LTR40B	ERVL	LTR
CHARLIE17A	hAT-Charlie	DNA
SVA_A	SVA	SVA
CHESHIRE	hAT-Charlie	DNA
MER4E1	ERV1	LTR
LTR52	ERVL	LTR
CHARLIE25	hAT-Charlie	DNA
LTR89	ERVL	LTR
LTR16D	ERVL	LTR
ERV3-16A3_LTR	ERVL	LTR
HELITRON3NA_MAM	Helitron	RC
MLT1E1	ERVL-MaLR	LTR
MER57A1	ERV1	LTR
LTR85C	Gypsy	LTR
MER131	DNA	DNA
MAMGYPLTR1C	Gypsy	LTR
CHARLIE22A	hAT-Charlie	DNA
MAMGYPLTR1A	Gypsy	LTR
LTR56	ERV1	LTR
X6A_LINE	CR1	LINE
TIGGER10	TcMar-Tigger	DNA
LTR82A	ERVL	LTR
MER6A	TcMar-Tigger	DNA
SVA_F	SVA	SVA
MER57B1	ERV1	LTR
MER67D	ERV1	LTR
MAMGYPLTR2C	Gypsy	LTR
LTR48B	ERV1	LTR
LTR48	ERV1	LTR
MER11A	ERVK	LTR
LTR81A	Gypsy	LTR
MER74B	ERVL	LTR
LTR88C	Gypsy	LTR
TIGGER12	TcMar-Tigger	DNA
MER11C	ERVK	LTR
MER4CL34	ERV1	LTR
MER51A	ERV1	LTR
LTR33C	ERVL	LTR
MER85	PiggyBac	DNA
X7A_LINE	CR1	LINE
MER4A	ERV1	LTR
TIGGER8	TcMar-Tigger	DNA
MER121	hAT	DNA
X7B_LINE	CR1	LINE
LTR2	ERV1	LTR
ALUYG6	Alu	SINE
MLT1E	ERVL-MaLR	LTR
LTR7B	ERV1	LTR
KANGA11A	TcMar-Tc2	DNA
MER63C	hAT-Blackjack	DNA
MER44C	TcMar-Tigger	DNA
LTR41B	ERVL	LTR
LTR54B	ERV1	LTR
LTR23	ERV1	LTR
LTR1A2	ERV1	LTR
SVA_B	SVA	SVA
X6B_LINE	CR1	LINE
LTR17	ERV1	LTR
MAMGYPLTR2B	Gypsy	LTR
LTR9	ERV1	LTR
MER92B	ERV1	LTR
MER41C	ERV1	LTR
LTR88A	Gypsy	LTR
MER6	TcMar-Tigger	DNA
KANGA1	TcMar-Tc2	DNA
MER106B	hAT-Charlie	DNA
TIGGER6A	TcMar-Tigger	DNA
MER61A	ERV1	LTR
MER34A1	ERV1	LTR
MER72	ERV1	LTR
MER135	DNA	DNA
LTR12	ERV1	LTR
MER110	ERV1	LTR
MER54A	ERVL	LTR
MER44D	TcMar-Tigger	DNA
LTR41C	ERVL	LTR
MAMREP564	Unknown	Unknown
LTR9D	ERV1	LTR
TIGGER9B	TcMar-Tigger	DNA
CHARLIE21A	hAT-Charlie	DNA
LTR29	ERV1	LTR
MAMGYPLTR1D	Gypsy	LTR
MER4E	ERV1	LTR
MER124	DNA	DNA
MER76	ERVL	LTR
MER47C	TcMar-Tigger	DNA
HSMAR1	TcMar-Mariner	DNA
LTR83	ERVL	LTR
MER105	hAT-Charlie	DNA
MER51B	ERV1	LTR
MER65C	ERV1	LTR
ORSL-2B	hAT-Tip100	DNA
L5	RTE-X	LINE
LTR87	ERVL	LTR
TIGGER5	TcMar-Tigger	DNA
MER50B	ERV1	LTR
LTR9B	ERV1	LTR
LTR16B	ERVL	LTR
MER90	ERV1	LTR
SVA_E	SVA	SVA
LTR5_HS	ERVK	LTR
MER4C	ERV1	LTR
MER52D	ERV1	LTR
MER6B	TcMar-Tigger	DNA
LTR47A	ERVL	LTR
MER45R	hAT-Tip100	DNA
LTR84A	ERVL	LTR
MAMREP1894	hAT	DNA
SATR1	Satellite	Satellite
TIGGER3D	TcMar-Tigger	DNA
LTR12F	ERV1	LTR
MER34B	ERV1	LTR
X9_LINE	L1	LINE
LTR81C	Gypsy	LTR
MAMGYPLTR3	Gypsy	LTR
TIGGER12A	TcMar-Tigger	DNA
MER110A	ERV1	LTR
LTR26	ERV1	LTR
FORDPREFECT	hAT-Tip100	DNA
MER47B	TcMar-Tigger	DNA
X7C_LINE	CR1	LINE
LTR40C	ERVL	LTR
MER5C1	hAT-Charlie	DNA
LTR25-INT	ERV1	LTR
MER34C2	ERV1	LTR
MER9A3	ERVK	LTR
MER66C	ERV1	LTR
MER94B	hAT-Blackjack	DNA
LTR40A1	ERVL	LTR
CHARLIE13A	hAT-Charlie	DNA
LOOPER	PiggyBac	DNA
MER70A	ERVL	LTR
MER113B	hAT-Charlie	DNA
PABL_A	ERV1	LTR
LTR10C	ERV1	LTR
MSTA1	ERVL-MaLR	LTR
MER65D	ERV1	LTR
LTR86A1	ERVL	LTR
UCON105	Unknown	Unknown
LTR53	ERVL	LTR
MER83	ERV1	LTR
SVA_C	SVA	SVA
LTR13	ERVK	LTR
MER57E1	ERV1	LTR
LTR12D	ERV1	LTR
MER67B	ERV1	LTR
LTR36	ERV1	LTR
CHARLIE26A	hAT-Charlie	DNA
LTR90B	LTR	LTR
MAMREP488	hAT-Tip100	DNA
MER11B	ERVK	LTR
LTR80B	ERVL	LTR
LTR5B	ERVK	LTR
MER41D	ERV1	LTR
MER67A	ERV1	LTR
MER75	PiggyBac	DNA
LTR9A1	ERV1	LTR
LTR45C	ERV1	LTR
MER57D	ERV1	LTR
ALUYI6	Alu	SINE
LTR65	ERV1	LTR
LTR43	ERV1	LTR
MER68B	ERVL	LTR
MER57C2	ERV1	LTR
LTR24B	ERV1	LTR
LTR19A	ERV1	LTR
LTR45B	ERV1	LTR
MER54B	ERVL	LTR
MSR1	Satellite	Satellite
LTR10F	ERV1	LTR
MERX	TcMar-Tigger	DNA
LTR55	ERVL	LTR
MER61B	ERV1	LTR
LTR66	ERVL	LTR
MER57F	ERV1	LTR
MER34-INT	ERV1	LTR
LTR80A	ERVL	LTR
LTR51	ERV1	LTR
MLT2E	ERVL	LTR
RICKSHA_0	MULE-MuDR	DNA
CHARLIE13B	hAT-Charlie	DNA
MLT-INT	ERVL-MaLR	LTR
SATR2	Satellite	Satellite
PABL_B	ERV1	LTR
LTR64	ERV1	LTR
MER52C	ERV1	LTR
LTR90A	LTR	LTR
LTR18B	ERVL	LTR
D20S16	Satellite	Satellite
LTR24C	ERV1	LTR
LTR14B	ERVK	LTR
ALUYA8	Alu	SINE
MER101	ERV1	LTR
HELITRON1NB_MAM	Helitron	RC
UCON55	SINE	SINE
MER41E	ERV1	LTR
MER107	hAT-Charlie	DNA
MER84	ERV1	LTR
ORSL-2A	hAT-Tip100	DNA
MER9A1	ERVK	LTR
LTR2B	ERV1	LTR
CHARLIE3	hAT-Charlie	DNA
LTR1B	ERV1	LTR
LTR28C	ERV1	LTR
LTR91	ERV3	LTR
LTR5A	ERVK	LTR
PRIMA4_LTR	ERV1	LTR
LTR68	ERV1	LTR
MER66A	ERV1	LTR
ALUYB9	Alu	SINE
LTR42	ERVL	LTR
LTR7C	ERV1	LTR
LTR62	ERVL	LTR
LTR16D2	ERVL	LTR
LTR10A	ERV1	LTR
L2D	L2	LINE
LTR6A	ERV1	LTR
MER9A2	ERVK	LTR
LTR15	ERV1	LTR
LTR2C	ERV1	LTR
MER61E	ERV1	LTR
TIGGER6B	TcMar-Tigger	DNA
LTR75	ERVL	LTR
MER61C	ERV1	LTR
LTR86A2	ERVL	LTR
LTR25	ERV1	LTR
LTR24	ERV1	LTR
LTR1D1	ERV1	LTR
LTR1D	ERV1	LTR
MER99	hAT	DNA
LTR86C	ERVL	LTR
LTR10E	ERV1	LTR
LTR1E	ERV1	LTR
LTR47A2	ERVL	LTR
LTR86B1	ERVL	LTR
LTR57	ERVL	LTR
LTR19B	ERV1	LTR
MER73	ERVL	LTR
MER97A	hAT-Tip100	DNA
MER70C	ERVL	LTR
REP522	telo	Satellite
FORDPREFECT_A	hAT-Tip100	DNA
MER126	DNA	DNA
MER57E3	ERV1	LTR
LTR86B2	ERVL	LTR
LTR81AB	Gypsy	LTR
MER61D	ERV1	LTR
HSAT5	Satellite	Satellite
LTR34	ERV1	LTR
LTR38	ERV1	LTR
CHARLIE6	hAT-Charlie	DNA
MER11D	ERVK	LTR
LTR27D	ERV1	LTR
LTR28B	ERV1	LTR
MER101B	ERV1	LTR
MER30B	hAT-Charlie	DNA
LTR46	ERV1	LTR
LTR44	ERV1	LTR
LTR7Y	ERV1	LTR
LTR31	ERV1	LTR
LTR43B	ERV1	LTR
MER34D	ERV1	LTR
LTR71B	ERV1	LTR
MER51E	ERV1	LTR
LTR38B	ERV1	LTR
LTR1	ERV1	LTR
MER66D	ERV1	LTR
ALUYD8	Alu	SINE
U3	SNORD	SNORD
MLT1C2	ERVL-MaLR	LTR
LTR1F1	ERV1	LTR
UCON1	Unknown	Unknown
MER74C	ERVL	LTR
LTR60B	ERV1	LTR
LTR73	ERV1	LTR
LTR2752	ERV1	LTR
MER97C	hAT-Tip100	DNA
UCON29	PiggyBac	DNA
MER87B	ERV1	LTR
ALUYK12	Alu	SINE
LTR27E	ERV1	LTR
X8_LINE	CR1	LINE
MER65B	ERV1	LTR
LTR13A	ERVK	LTR
LTR76	ERV1	LTR
LTR61	ERV1	LTR
LTR35B	ERV1	LTR
LTR53B	ERVL	LTR
MER127	TcMar-Tigger	DNA
LTR75B	ERVL	LTR
LSAU	Satellite	Satellite
MER48	ERV1	LTR
LTR18A	ERVL	LTR
LTR16D1	ERVL	LTR
MER34C	ERV1	LTR
MER57C1	ERV1	LTR
MER72B	ERV1	LTR
UCON8	DNA	DNA
LTR27C	ERV1	LTR
RICKSHA	MULE-MuDR	DNA
MER97B	hAT-Tip100	DNA
X2_LINE	CR1	LINE
MER51C	ERV1	LTR
U13	SNORD	SNORD
LTR10D	ERV1	LTR
UCON26	Unknown	Unknown
LTR45	ERV1	LTR
UCON78	DNA	DNA
LTR47B2	ERVL	LTR
GSATII	centr	Satellite
LTR3A	ERVK	LTR
LTR12B	ERV1	LTR
LTR10B1	ERV1	LTR
MER51D	ERV1	LTR
LTR1B1	ERV1	LTR
LTR27B	ERV1	LTR
LTR6B	ERV1	LTR
LTR9C	ERV1	LTR
DNA1_MAM	TcMar	DNA
LTR22A	ERVK	LTR
LTR71A	ERV1	LTR
MER130	DNA	DNA
MER68C	ERVL	LTR
MER61F	ERV1	LTR
MER87	ERV1	LTR
MER6C	TcMar-Tigger	DNA
ALUYH9	Alu	SINE
UCON34	Unknown	Unknown
LTR72	ERV1	LTR
LTR28	ERV1	LTR
LTR38A1	ERV1	LTR
LTR72B	ERV1	LTR
LTR22B	ERVK	LTR
LTR22B1	ERVK	LTR
MER92A	ERV1	LTR
LTR70	ERV1	LTR
MER83B	ERV1	LTR
MER83C	ERV1	LTR
TAR1	telo	Satellite
UCON107	hAT	DNA
LTR30	ERV1	LTR
LTR14A	ERVK	LTR
UCON35	Unknown	Unknown
LTR69	ERVL	LTR
PRIMLTR79	ERV1	LTR
MER95	ERV1	LTR
LTR14C	ERVK	LTR
EULOR8	TcMar	DNA
MER76-INT	ERVL	LTR
LTR12E	ERV1	LTR
UCON40	Unknown	Unknown
LTR1F	ERV1	LTR
LTR1F2	ERV1	LTR
LTR26B	ERV1	LTR
UCON2	DNA	DNA
CHARLIE4	hAT-Charlie	DNA
LTR19C	ERV1	LTR
UCON4	Unknown	Unknown
UCON33	Unknown	Unknown
MER125	DNA	DNA
LTR10G	ERV1	LTR
MER41G	ERV1	LTR
UCON74	hAT	DNA
LTR38C	ERV1	LTR
LTR75_1	ERV1	LTR
MER75B	PiggyBac	DNA
MER92C	ERV1	LTR
UCON28A	Unknown	Unknown
LTR22E	ERVK	LTR
EULOR5A	DNA	DNA
UCON7	DNA	DNA
EULOR9A	DNA	DNA
UCON5	Unknown	Unknown
CHARLIE11	hAT-Charlie	DNA
MER129	LTR	LTR
LTR26E	ERV1	LTR
LTR35	ERV1	LTR
LTR22C0	ERVK	LTR
LTR59	ERV1	LTR
MER88	ERVL	LTR
HSAT4	centr	Satellite
UCON31	Unknown	Unknown
LTR22	ERVK	LTR
LTR27	ERV1	LTR
LTR10B2	ERV1	LTR
MER97D	hAT-Tip100	DNA
LTR4	ERV1	LTR
LTR77	ERV1	LTR
LTR06	ERV1	LTR
UCON84	Unknown	Unknown
UCON39	DNA	DNA
LTR3	ERVK	LTR
EULOR9C	DNA	DNA
EULOR11	DNA	DNA
UCON27	Unknown	Unknown
UCON47	Unknown	Unknown
LTR14	ERVK	LTR
UCON49	L2	LINE
UCON54	Unknown	Unknown
UCON37	Unknown	Unknown
UCON14	DNA	DNA
LTR21A	ERV1	LTR
LTR35A	ERV1	LTR
LTR1B0	ERV1	LTR
UCON6	Unknown	Unknown
MER75A	PiggyBac	DNA
LTR3B	ERVK	LTR
UCON44	Unknown	Unknown
CER	Satellite	Satellite
MER50C	ERV1	LTR
MER134	DNA	DNA
ACRO1	acro	Satellite
LTR22C2	ERVK	LTR
X1_LINE	CR1	LINE
MER57E2	ERV1	LTR
LTR18C	ERVL	LTR
LTR10B	ERV1	LTR
LTR58	ERV1	LTR
UCON48	Unknown	Unknown
EULOR1	DNA	DNA
LTR1C1	ERV1	LTR
UCON38	Unknown	Unknown
LTR1C3	ERV1	LTR
EULOR6D	DNA	DNA
UCON28B	Unknown	Unknown
UCON28C	Unknown	Unknown
X5B_LINE	CR1	LINE
UCON66	Unknown	Unknown
HSATI	Satellite	Satellite
6KBHSAP	acro	Satellite
LTR1C	ERV1	LTR
UCON86	L2	LINE
UCON53	Unknown	Unknown
RICKSHA_A	MULE-MuDR	DNA
UCON41	Unknown	Unknown
EULOR2A	DNA	DNA
MERLIN1_HS	Merlin	DNA
UCON70	Unknown	Unknown
EULOR6B	DNA	DNA
GSATX	centr	Satellite
UCON12	Unknown	Unknown
EULOR2B	DNA	DNA
UCON73	Unknown	Unknown
X7D_LINE	CR1	LINE
EULOR12	DNA	DNA
UCON99	DNA	DNA
UCON76	Unknown	Unknown
UCON46	Unknown	Unknown
LTR21B	ERV1	LTR
UCON77	Unknown	Unknown
MER133A	DNA	DNA
UCON72	Unknown	Unknown
UCON15	Unknown	Unknown
UCON9	Unknown	Unknown
UCON25	Unknown	Unknown
LTR60	ERV1	LTR
UCON79	hAT	DNA
MER123	DNA	DNA
UCON89	Unknown	Unknown
UCON59	Unknown	Unknown
UCON80	Unknown	Unknown
UCON11	TcMar-Tigger	DNA
LTR47B	ERVL	LTR
UCON20	Unknown	Unknown
U8	SNORD	SNORD
UCON51	Unknown	Unknown
UCON43	Unknown	Unknown
LTR22B2	ERVK	LTR
UCON81	hAT	DNA
UCON97	Unknown	Unknown
EULOR5B	DNA	DNA
MER9B	ERVK	LTR
MER133B	DNA	DNA
UCON16	Unknown	Unknown
GSAT	centr	Satellite
UCON22	Unknown	Unknown
LTR21C	ERV1	LTR
EULOR3	DNA	DNA
UCON60	Unknown	Unknown
EULOR10	DNA	DNA
MER132	TcMar-Pogo	DNA
UCON82	Unknown	Unknown
UCON88	Unknown	Unknown
UCON83	Unknown	Unknown
UCON65	Unknown	Unknown
EULOR2C	DNA	DNA
X12_DNA	TcMar-Mariner	DNA
UCON101	Unknown	Unknown
UCON17	Unknown	Unknown
UCON19	Unknown	Unknown
UCON94	Unknown	Unknown
UCON18	Unknown	Unknown
EULOR6E	DNA	DNA
UCON23	hAT-Tip100	DNA
MER136	DNA	DNA
UCON93	Unknown	Unknown
EULOR4	Unknown	Unknown
EULOR6A	DNA	DNA
LTR5	ERVK	LTR
UCON85	Unknown	Unknown
UCON69	Unknown	Unknown
UCON50	hAT	DNA
UCON21	DNA	DNA
EULOR9B	DNA	DNA
UCON62	Unknown	Unknown
UCON12A	Unknown	Unknown
CHARLIE12	hAT-Charlie	DNA
UCON58	Unknown	Unknown
UCON67	Unknown	Unknown
UCON24	Unknown	Unknown
UCON57	Unknown	Unknown
UCON75	Unknown	Unknown
UCON100	DNA	DNA
EULOR6C	DNA	DNA
UCON96	Unknown	Unknown
X26_DNA	TcMar-Mariner	DNA
UCON92	Unknown	Unknown
HSAT6	Satellite	Satellite
UCON71	Unknown	Unknown
UCON64	Unknown	Unknown
LTR22C	ERVK	LTR
UCON61	Unknown	Unknown
UCON56	Unknown	Unknown
ALUYB10	Alu	SINE
UCON63	Unknown	Unknown
EUTR10	Eutr	Eutr
EUTR16	Eutr	Eutr
LTR7A	ERV1	LTR
X6A_DNA	DNA	DNA
UCON103	Unknown	Unknown
EUTR11	Eutr	Eutr
X6B_DNA	DNA	DNA
SAR	Satellite	Satellite
EUTREP7	Eutr	Eutr
EUTHAT-2	hAT	DNA
EULOR7	DNA	DNA
UCON68	Unknown	Unknown
X11_DNA	DNA	DNA
EUTREP2	Eutr	Eutr
HERV1_LTRB	ERV1	LTR
ALUYB8A1	Alu	SINE
X9B_DNA	DNA	DNA
X9A_DNA	DNA	DNA
X4B_DNA	DNA	DNA
EUTR5	Eutr	Eutr
X17_LINE	CR1	LINE
U14	U14	U14
X24_LINE	L2	LINE
X1_DNA	TcMar-Mariner	DNA
EUTR18	Eutr	Eutr
X30_DNA	DNA	DNA
X32_DNA	TcMar-Mariner	DNA
UCON87	Unknown	Unknown
EUTHAT-N1	hAT	DNA
EUTR15	Eutr	Eutr
X4A_DNA	DNA	DNA
MARE4	TcMar-Mariner	DNA
X15_LINE	CR1	LINE
EUTREP8	Eutr	Eutr
X5A_DNA	DNA	DNA
X12_LINE	CR1	LINE
MARE8	TcMar-Mariner	DNA
EUTREP14	Eutr	Eutr
X34_DNA	DNA	DNA
EUTREP15	Eutr	Eutr
EUTREP16	Eutr	Eutr
X2A_DNA	DNA	DNA
ALUYB11	Alu	SINE
EUTR2	Eutr	Eutr
EUTREP6	Eutr	Eutr
X2B_DNA	DNA	DNA
X21_LINE	CR1	LINE
X23_DNA	DNA	DNA
MARE6	TcMar-Mariner	DNA
X24_DNA	DNA	DNA
MER31_I	ERV1	LTR
L1M6_5END	L1	LINE
UCON28	Unknown	Unknown
MER22	centr	Satellite
HERVL	ERVL	LTR
CR1_HS	CR1	LINE
EUTR6	Eutr	Eutr
L1MED_5	L1	LINE
ZOMBI	TcMar-Mariner	DNA
TIGGER9	TcMar-Tigger	DNA
MARE7	TcMar-Mariner	DNA
ALINE	RTE	LINE
PABL_BI	ERV1	LTR
L1MEE_5END	L1	LINE
L1P4B_5END	L1	LINE
L1PA12_5	L1	LINE
ALUYE2	Alu	SINE
EULOR12B_CM	DNA	DNA
MARE11	TcMar-Mariner	DNA
ZOMBI_C	TcMar-Mariner	DNA
EUTR14	Eutr	Eutr
MER89I	ERV1	LTR
MER122	DNA	DNA
ALUYB3A1	Alu	SINE
PRIMAX_I	ERV1	LTR
MER69A	hAT	DNA
MER50I	ERV1	LTR
HERVL74	ERVL	LTR
L1P4D_5END	L1	LINE
ALR2	centr	Satellite
EUTR17	Eutr	Eutr
X13_DNA	TcMar-Mariner	DNA
L31	Other	Other
MER101_I	ERV1	LTR
HERV16	ERV1	LTR
MER80	hAT	DNA
X31_DNA	DNA	DNA
MER52AI	ERV1	LTR
X13_LINE	CR1	LINE
HERV57I	ERV1	LTR
UCON32	Unknown	Unknown
MER74	ERVL	LTR
UCON36	Unknown	Unknown
E3	snRNA	snRNA
L1MD1_5	L1	LINE
PB1D11	SINE	SINE
MER4D_LTR	ERV1	LTR
L1MEF_5END	L1	LINE
PTR5	LTR	LTR
MER41I	ERV1	LTR
ZOMBI_A	TcMar-Mariner	DNA
L4	RTE	LINE
UCON10	Unknown	Unknown
UCON3	SINE	SINE
X27_DNA	DNA	DNA
EUTR12	Eutr	Eutr
L1P_MA2	L1	LINE
X10B_DNA	TcMar-Mariner	DNA
HARLEQUINLTR	ERV1	LTR
MER21C_BT	ERVL	LTR
L1MCB_5	L1	LINE
MER90A_LTR	ERV1	LTR
HY1_SINE	YRNA	YRNA
HERV19I	ERV1	LTR
CHARLIE2	hAT-Charlie	DNA
MER106	hAT-Charlie	DNA
UCON102	Unknown	Unknown
MER4I	ERV1	LTR
L1PREC1	L1	LINE
ALUSG1	Alu	SINE
L1PBA1_5	L1	LINE
MER103B	hAT-Charlie	DNA
X20_LINE	CR1	LINE
UCON52	hAT	DNA
L1MCC_5	L1	LINE
L1ME_ORF2	L1	LINE
EUTREP1	Eutr	Eutr
L1M7_5END	L1	LINE
L1MB4_5	L1	LINE
LTR77B	ERV1	LTR
Y4	YRNA	YRNA
BSRB	Satellite	Satellite
LTR1C2	ERV1	LTR
RPS2	Other	Other
THER1	MIR	SINE
UCON90	Unknown	Unknown
MST_I	ERVL-MaLR	LTR
MER69B	hAT	DNA
L1M2C_5	L1	LINE
SUBTEL_SAT	Satellite	Satellite
L1M2B_5	L1	LINE
L1M2A1_5	L1	LINE
ALUYD3	Alu	SINE
XBR	Other	Other
ALUYC1	Alu	SINE
MER104A	TcMar-Tc2	DNA
ALUYK13	Alu	SINE
MER4BI	ERV1	LTR
L1PA13_5	L1	LINE
EUTHAT-1	hAT	DNA
HERV-FC2	ERV1	LTR
MARE3	TcMar-Mariner	DNA
X3_LINE	RTE-BovB	LINE
THE1_I	ERVL-MaLR	LTR
MAMGYPLTR2	Gypsy	LTR
HERVP71A_I	ERV1	LTR
MER65I	ERV1	LTR
LOR1I	ERV1	LTR
AMNSINE1_HS	Deu	SINE
X5B_DNA	DNA	DNA
EUTREP12	Eutr	Eutr
UCON104	TcMar-Mariner	DNA
HERVS71	ERV1	LTR
L23	Other	Other
SVA2	SVA	SVA
EUTREP3	Eutr	Eutr
L1MB3_5	L1	LINE
LOR1B_LTR	ERV1	LTR
SUBTEL2_SAT	Satellite	Satellite
CHARLIE27	hAT-Charlie	DNA
EUTR13	Eutr	Eutr
L1P4C_5END	L1	LINE
HERV-K14I	ERVK	LTR
X7_DNA	hAT	DNA
ALUYF2	Alu	SINE
EUTHAT-2B	hAT	DNA
TIGGER5_B	TcMar-Tigger	DNA
MER21I	ERVL	LTR
L23A	Other	Other
EUTR8	Eutr	Eutr
EUTR1	Eutr	Eutr
HERV30I	ERV1	LTR
MER41F	ERV1	LTR
GOLEM_B	TcMar-Mariner	DNA
EUTR3	Eutr	Eutr
L1MEC_5	L1	LINE
X19_LINE	CR1	LINE
UCON132A	hAT	DNA
L1PA7_5	L1	LINE
X15_DNA	hAT	DNA
L1MCA_5	L1	LINE
MARE1	TcMar-Mariner	DNA
HERVE_A	ERV1	LTR
HERVG25	ERV1	LTR
MER61I	ERV1	LTR
HERVL66I	ERVL	LTR
X3_LR	LTR	LTR
CHARLIE8A	hAT-Charlie	DNA
LMESINE1C	SINE	SINE
TIGGER5A	TcMar-Tigger	DNA
MER104C	TcMar-Tc2	DNA
HUERS-P3	ERV1	LTR
L7	Other	Other
MER57I	ERV1	LTR
HERVH48I	ERV1	LTR
MER25	L1	LINE
ALUYB3A2	Alu	SINE
UCON106	Unknown	Unknown
ERVL	ERVL	LTR
HERVE	ERV1	LTR
L1PBB_5	L1	LINE
EUTREP10	Eutr	Eutr
L1ME3D_3END	L1	LINE
ALRA_	centr	Satellite
MER34B_I	ERV1	LTR
L1MEB_5	L1	LINE
EUTREP5	Eutr	Eutr
CHESHIRE_A	hAT-Charlie	DNA
MER68A	ERVL	LTR
ALUYA4	Alu	SINE
MLT1_I	ERVL-MaLR	LTR
X29A_DNA	DNA	DNA
HERVFH21I	ERV1	LTR
HERV38I	ERV1	LTR
UCON42	TcMar-Mariner	DNA
X29B_DNA	DNA	DNA
X18_DNA	DNA	DNA
HERV35I	ERV1	LTR
MER103	hAT-Charlie	DNA
HERV46I	ERV1	LTR
L1PA14_5	L1	LINE
MER110I	ERV1	LTR
HERVIP10F	ERV1	LTR
MLT1C1	ERVL-MaLR	LTR
HERVK11DI	ERVK	LTR
UCON95	hAT	DNA
HSFAU	HSFAU	Other
L1	L1	LINE
ALUYBC3A	Alu	SINE
L1M2A_5	L1	LINE
MER52B	ERV1	LTR
X1_LR	LTR	LTR
L1PBA_5	L1	LINE
LTR11	ERV	LTR
X5A_LINE	CR1	LINE
HERV-K14CI	ERVK	LTR
L1MEG_5END	L1	LINE
ZOMBI_B	TcMar-Mariner	DNA
X9C_DNA	DNA	DNA
MER80B	hAT	DNA
L1ME5_3END	L1	LINE
EUTREP4	Eutr	Eutr
UHG	snRNA	snRNA
ALUYA1	Alu	SINE
HERV4_LTR	ERV1	LTR
ERVL-B4	ERVL	LTR
THER2	MIR	SINE
HERVH	ERV1	LTR
CR1L	CR1	LINE
MARE10	TcMar-Mariner	DNA
PRIMA4_I	ERV1	LTR
RLTR10C	ERV2	LTR
L1PA17_5	L1	LINE
EUTR9	Eutr	Eutr
L1MEA_5	L1	LINE
HERV4_I	ERV1	LTR
SN5	centr	Satellite
MER4A1_LTR	ERV1	LTR
HERV3	ERV1	LTR
ALR1	centr	Satellite
LOR1A_LTR	ERV1	LTR
ERVL-E	ERVL	LTR
ALUYC5	Alu	SINE
HERVK3I	ERVK	LTR
L1M3D_5	L1	LINE
HERV1_I	ERV1	LTR
L28	Other	Other
L1MB6_5	L1	LINE
HERV52I	ERV1	LTR
L1MC4B	L1	LINE
CYCLO	Unknown	Unknown
L1P4E_5END	L1	LINE
LTR43_I	ERV1	LTR
HSTC2	TcMar-Mariner	DNA
HERVK22I	ERVK	LTR
HERVK9I	ERVK	LTR
MER84I	ERV1	LTR
L1ME3C_3END	L1	LINE
ALR	centr	Satellite
MER54	ERVL	LTR
EUTREP13	Eutr	Eutr
L1MC4_5END	L1	LINE
HERV9	ERV1	LTR
HERVIP10FH	ERV1	LTR
RMER10B	ERV3	LTR
MER70_I	ERVL	LTR
HERV17	ERV1	LTR
LOR1	ERV1	LTR
KER	KER	Other
MER83AI	ERV1	LTR
HUERS-P1	ERV1	LTR
HERV49I	ERV1	LTR
EUTR7	Eutr	Eutr
MER57A_I	ERV1	LTR
ALRB	centr	Satellite
GOLEM	TcMar-Mariner	DNA
MER9	ERVK	LTR
L1P4A_5END	L1	LINE
TIGGER5_A	TcMar-Tigger	DNA
BSRA	Satellite	Satellite
HARLEQUIN	ERV1	LTR
UCON45	Unknown	Unknown
IN25	L1	LINE
E2	snRNA	snRNA
HERV1_LTR	ERV1	LTR
L1M1B_5	L1	LINE
X25_DNA	DNA	DNA
PRIMA41	ERV1	LTR
HERVKC4	ERVK	LTR
ERV3-16A3_I	ERVL	LTR
BSRF	Satellite	Satellite
MSTA2	ERVL-MaLR	LTR
MER21	ERVL	LTR
HERVFH19I	ERV1	LTR
MER83BI	ERV1	LTR
X17_DNA	Unknown	Unknown
MER68_I	ERVL	LTR
CHARLIE28	hAT-Charlie	DNA
X2_LR	LTR	LTR
FLAM	Alu	SINE
XTR	Other	Other
EUTREP11	Eutr	Eutr
L1ME3F_3END	L1	LINE
MER28	DNA	DNA
L1ME3E_3END	L1	LINE
UCON98	Unknown	Unknown
EULOR12_CM	DNA	DNA
ALUYC2	Alu	SINE
X21_DNA	hAT	DNA
X28_DNA	DNA	DNA
X18_LINE	CR1	LINE
ALRA	centr	Satellite
HERVK	ERVK	LTR
MER82	TcMar-Tigger	DNA
L1MEE_5	L1	LINE
HERVL_40	ERVL	LTR
MER69C	hAT	DNA
L1ME4	L1	LINE
X22_DNA	DNA	DNA
L37	Other	Other
L1M3DE_5	L1	LINE
CHESHIRE_B	hAT-Charlie	DNA
MLT1H_I	ERVL-MaLR	LTR
HERV23	ERV1	LTR
L1M3B_5	L1	LINE
UCON91	Unknown	Unknown
GOLEM_C	TcMar-Mariner	DNA
EUTR4	Eutr	Eutr
MARE5	TcMar-Mariner	DNA
HERV15I	ERV1	LTR
ALR_	centr	Satellite
MER35	Other	Other
MER104B	TcMar-Tc2	DNA
X11_LINE	CR1	LINE
E1	snRNA	snRNA
X33A_DNA	TcMar-Mariner	DNA
L1MA9_5	L1	LINE
RLTR10B	ERV2	LTR
L1M3C_5	L1	LINE
ALUYD3A1	Alu	SINE
X4_LINE	CR1	LINE
X20_DNA	DNA	DNA
L1MDB_5	L1	LINE
L1M6B_5END	L1	LINE
GOLEM_A	TcMar-Mariner	DNA
HERVK11I	ERVK	LTR
DEUSINE	SINE	SINE
PABL_AI	ERV1	LTR
L1M3A_5	L1	LINE
MARE9	TcMar-Mariner	DNA
BSRD	Satellite	Satellite
HUERS-P3B	ERV1	LTR
MER45	hAT-Tip100	DNA
HERV39	ERV1	LTR
MER93	LTR	LTR
HERVI	ERV1	LTR
MER51I	ERV1	LTR
MLT1G2	ERVL-MaLR	LTR
L1PB2C	L1	LINE
MER66_I	ERV1	LTR
HERV-FC1	ERV1	LTR
EUTTC1-N1	TcMar-Mariner	DNA
HERVK13I	ERVK	LTR
MER31	ERV1	LTR
X4_LR	LTR	LTR
L7A	Other	Other
UCON13	Penelope	LINE
L3B_3END	CR1	LINE
L1M2_5	L1	LINE
HSATII	Satellite	Satellite
HUERS-P2	ERV1	LTR
BSR	Satellite	Satellite
X10A_DNA	TcMar-Mariner	DNA
ALUYD2	Alu	SINE
LTR16E	ERVL	LTR
MER116	DNA	DNA
MLT1F_I	ERVL-MaLR	LTR
LMESINE1B	SINE	SINE
ALUYF5	Alu	SINE
HERV18	ERV1	LTR
L1MDA_5	L1	LINE
HERVL68	ERVL	LTR
L1PA16_5	L1	LINE
L1M1_5	L1	LINE
