# transcript_id -> curated family, derived from Rfam via RNAcentral.
# taxid 10090. Regenerate with bin/python/refdata_generation/build_rfam_family_table.py.
# NOT reference-derived, so unlike hg38.repbase-class-family.tsv this
# is not circular. Validated on hg38: 255 predictions, 255 correct, 0 wrong.
transcript_id	family	rfam_id
ENSMUST00000082443	SNORD	SNORD115
ENSMUST00000082446	SNORA	SNORA73
ENSMUST00000082448	SNORA	SNORA63
ENSMUST00000082453	SNORA	SNORA73
ENSMUST00000082456	SNORD	SNORD73
ENSMUST00000082458	SNORA	SNORA9
ENSMUST00000082464	RNU2	U2
ENSMUST00000082471	SNORA	SNORA71
ENSMUST00000082476	SNORA	SNORA36
ENSMUST00000082483	SNORD	SNORD113
ENSMUST00000082493	SNORA	SNORA42
ENSMUST00000082501	SNORA	SNORA4
ENSMUST00000082503	SNORD	SNORD49
ENSMUST00000082506	SNORD	SNORD74
ENSMUST00000082507	SNORD	SNORD37
ENSMUST00000082508	SNORA	SNORA36
ENSMUST00000082517	SNORA	SNORA23
ENSMUST00000082518	SNORD	SNORD113
ENSMUST00000082519	SNORD	SNORD21
ENSMUST00000082529	SNORA	SNORA73
ENSMUST00000082537	SNORA	SNORA32
ENSMUST00000082543	SNORA	SNORA32
ENSMUST00000082550	SNORD	SNORD103
ENSMUST00000082553	SNORD	SNORD113
ENSMUST00000082559	SNORA	SNORA28
ENSMUST00000082561	SNORA	SNORA5
ENSMUST00000082562	SNORD	SNORD113
ENSMUST00000082566	SNORD	SNORD95
ENSMUST00000082577	SNORA	SNORA32
ENSMUST00000082579	SNORA	SNORA9
ENSMUST00000082580	SNORD	SNORD18
ENSMUST00000082591	SNORA	SNORA65
ENSMUST00000082593	YRNA	Y_RNA
ENSMUST00000082602	SNORD	SNORD38
ENSMUST00000082606	SNORD	SNORD42
ENSMUST00000082608	SNORD	SNORD38
ENSMUST00000082616	RNU2	U2
ENSMUST00000082622	SNORA	SNORA19
ENSMUST00000082624	SNORA	SNORA55
ENSMUST00000082629	SNORA	SNORA7
ENSMUST00000082633	SNORA	SNORA38
ENSMUST00000082635	SNORA	SNORA71
ENSMUST00000082636	SNORA	SNORA9
ENSMUST00000082639	SNORD	SNORD81
ENSMUST00000082647	SNORA	SNORA30
ENSMUST00000082651	SNORA	SNORA71
ENSMUST00000082661	SNORA	SNORA44
ENSMUST00000082662	SNORA	SNORA51
ENSMUST00000082663	SNORA	SNORA2
ENSMUST00000082666	SNORA	SNORA13
ENSMUST00000082668	SNORA	SNORA41
ENSMUST00000082670	SNORA	SNORA44
ENSMUST00000082675	SNORA	SNORA36
ENSMUST00000082678	SNORD	SNORD51
ENSMUST00000082686	SNORA	SNORA32
ENSMUST00000082687	SNORD	SNORD113
ENSMUST00000082688	SNORA	SNORA61
ENSMUST00000082700	SNORA	SNORA1
ENSMUST00000082703	SNORA	SNORA20
ENSMUST00000082712	SNORA	SNORA42
ENSMUST00000082713	SNORD	SNORD58
ENSMUST00000082718	SNORA	SNORA31
ENSMUST00000082721	SNORA	SNORA55
ENSMUST00000082724	SNORA	SNORA2
ENSMUST00000082732	SNORA	SNORA52
ENSMUST00000082737	SNORA	SNORA65
ENSMUST00000082738	SNORA	SNORA2
ENSMUST00000082745	SNORD	SNORD113
ENSMUST00000082748	RNU2	U2
ENSMUST00000082758	SNORA	SNORA67
ENSMUST00000082763	SNORA	SNORA67
ENSMUST00000082786	SNORD	SNORD113
ENSMUST00000082787	SNORD	SNORD25
ENSMUST00000082788	SNORA	SNORA44
ENSMUST00000082790	SNORA	SNORA63
ENSMUST00000082791	SNORD	SNORD96
ENSMUST00000082792	SNORD	SNORD113
ENSMUST00000082793	SNORA	SNORA71
ENSMUST00000082797	SNORD	SNORD45
ENSMUST00000082806	SNORA	SNORA70
ENSMUST00000082807	SNORD	SNORD14
ENSMUST00000082817	SNORD	SNORD46
ENSMUST00000082827	SNORA	SNORA61
ENSMUST00000082830	RNU2	U2
ENSMUST00000082832	SNORA	SNORA24
ENSMUST00000082833	SNORD	SNORD35
ENSMUST00000082834	SNORD	SNORD60
ENSMUST00000082838	RNU2	U2
ENSMUST00000082844	SNORD	SNORD59
ENSMUST00000082846	SNORD	SNORD95
ENSMUST00000082849	SNORA	SNORA71
ENSMUST00000082854	SNORA	SNORA2
ENSMUST00000082858	SNORA	SNORA32
ENSMUST00000082861	RNU2	U2
ENSMUST00000082866	SNORA	SNORA73
ENSMUST00000082870	SNORA	SNORA44
ENSMUST00000082871	RNU2	U2
ENSMUST00000082877	SNORA	SNORA32
ENSMUST00000082880	SNORA	SNORA32
ENSMUST00000082882	SNORD	SNORD24
ENSMUST00000082889	SNORD	SNORD82
ENSMUST00000082895	SNORD	SNORD36
ENSMUST00000082902	SNORA	SNORA67
ENSMUST00000082903	SNORA	SNORA75
ENSMUST00000082907	SNORA	SNORA42
ENSMUST00000082910	SNORD	SNORD58
ENSMUST00000082916	SNORA	SNORA61
ENSMUST00000082919	SNORA	SNORA38
ENSMUST00000082928	SNORA	SNORA75
ENSMUST00000082937	SNORD	SNORD58
ENSMUST00000082946	SNORA	SNORA63
ENSMUST00000082949	YRNA	Y_RNA
ENSMUST00000082963	SNORA	SNORA43
ENSMUST00000082966	SNORA	SNORA71
ENSMUST00000082967	SNORA	SNORA21
ENSMUST00000082991	SNORA	SNORA62
ENSMUST00000082996	SNORA	SNORA41
ENSMUST00000083002	SNORA	SNORA33
ENSMUST00000083011	YRNA	Y_RNA
ENSMUST00000083015	SNORA	SNORA61
ENSMUST00000083018	SNORD	SNORD62
ENSMUST00000083022	SNORA	SNORA24
ENSMUST00000083027	SNORA	SNORA2
ENSMUST00000083032	SNORD	SNORD15
ENSMUST00000083034	SNORD	SNORD47
ENSMUST00000083047	SNORA	SNORA70
ENSMUST00000083048	RNU2	U2
ENSMUST00000083050	SNORD	SNORD73
ENSMUST00000083060	SNORA	SNORA70
ENSMUST00000083061	SNORA	SNORA71
ENSMUST00000083063	SNORA	SNORA25
ENSMUST00000083070	SNORA	SNORA33
ENSMUST00000083079	SNORD	SNORD113
ENSMUST00000083082	SNORA	SNORA3
ENSMUST00000083088	SNORD	SNORD113
ENSMUST00000083094	SNORA	SNORA51
ENSMUST00000083102	SNORA	SNORA70
ENSMUST00000083107	SNORA	SNORA62
ENSMUST00000083112	SNORD	SNORD62
ENSMUST00000083113	YRNA	Y_RNA
ENSMUST00000083127	SNORA	SNORA29
ENSMUST00000083138	SNORA	SNORA73
ENSMUST00000083152	SNORA	SNORA4
ENSMUST00000083153	SNORD	SNORD22
ENSMUST00000083154	SNORA	SNORA67
ENSMUST00000083155	SNORA	SNORA46
ENSMUST00000083163	SNORA	SNORA16
ENSMUST00000083166	SNORA	SNORA57
ENSMUST00000083171	SNORA	SNORA29
ENSMUST00000083176	SNORD	SNORD61
ENSMUST00000083184	SNORA	SNORA54
ENSMUST00000083190	SNORA	SNORA65
ENSMUST00000083207	SNORA	SNORA46
ENSMUST00000083213	SNORA	SNORA31
ENSMUST00000083217	SNORA	SNORA67
ENSMUST00000083224	SNORA	SNORA73
ENSMUST00000083226	SNORD	SNORD79
ENSMUST00000083247	SNORA	SNORA73
ENSMUST00000083248	SNORA	SNORA42
ENSMUST00000083253	SNORA	SNORA36
ENSMUST00000083262	SNORD	SNORD103
ENSMUST00000083266	SNORA	SNORA65
ENSMUST00000083268	SNORA	SNORA20
ENSMUST00000083270	SNORA	SNORA32
ENSMUST00000083274	SNORA	SNORA4
ENSMUST00000083277	SNORA	SNORA50
ENSMUST00000083285	SNORD	SNORD33
ENSMUST00000083292	SNORA	SNORA8
ENSMUST00000083294	SNORD	SNORD81
ENSMUST00000083297	SNORA	SNORA75
ENSMUST00000083298	RNU2	U2
ENSMUST00000083304	RNU2	U2
ENSMUST00000083314	SNORA	SNORA32
ENSMUST00000083321	SNORA	SNORA55
ENSMUST00000083324	SNORD	SNORD24
ENSMUST00000083325	SNORA	SNORA30
ENSMUST00000083328	SNORA	SNORA32
ENSMUST00000083331	SNORA	SNORA32
ENSMUST00000083332	SNORA	SNORA16
ENSMUST00000083338	SNORD	SNORD57
ENSMUST00000083339	SNORD	SNORD83
ENSMUST00000083340	SNORA	SNORA42
ENSMUST00000083346	SNORD	SNORD28
ENSMUST00000083348	SNORA	SNORA18
ENSMUST00000083349	SNORA	SNORA51
ENSMUST00000083353	SNORA	SNORA51
ENSMUST00000083355	SNORD	SNORD56
ENSMUST00000083361	SNORD	SNORD36
ENSMUST00000083363	SNORA	SNORA42
ENSMUST00000083370	SNORA	SNORA22
ENSMUST00000083371	SNORD	SNORD31
ENSMUST00000083419	SNORA	SNORA73
ENSMUST00000083424	SNORD	SNORD14
ENSMUST00000083425	SNORD	SNORD16
ENSMUST00000083426	SNORA	SNORA32
ENSMUST00000083428	SNORA	SNORA71
ENSMUST00000083444	SNORD	SNORD29
ENSMUST00000083445	SNORA	SNORA25
ENSMUST00000083458	SNORD	SNORD26
ENSMUST00000083529	SNORD	SNORD45
ENSMUST00000083686	RNU2	U2
ENSMUST00000083688	RNU2	U2
ENSMUST00000083700	SNORA	SNORA24
ENSMUST00000083703	SNORA	SNORA14
ENSMUST00000083708	SNORA	SNORA69
ENSMUST00000083713	SNORA	SNORA2
ENSMUST00000083715	SNORA	SNORA74
ENSMUST00000083719	SNORA	SNORA38
ENSMUST00000083729	SNORA	SNORA25
ENSMUST00000083735	SNORA	SNORA5
ENSMUST00000083739	SNORA	SNORA71
ENSMUST00000083742	SNORD	SNORD42
ENSMUST00000083752	SNORA	SNORA5
ENSMUST00000083758	SNORA	SNORA36
ENSMUST00000083764	SNORA	SNORA41
ENSMUST00000083767	YRNA	Y_RNA
ENSMUST00000083772	SNORA	SNORA61
ENSMUST00000083775	SNORA	SNORA44
ENSMUST00000083787	YRNA	Y_RNA
ENSMUST00000083791	SNORA	SNORA70
ENSMUST00000083792	SNORA	SNORA73
ENSMUST00000083794	SNORA	SNORA36
ENSMUST00000083800	SNORD	SNORD49
ENSMUST00000083804	SNORD	SNORD45
ENSMUST00000083805	SNORA	SNORA67
ENSMUST00000083815	SNORD	SNORD113
ENSMUST00000083816	SNORA	SNORA5
ENSMUST00000083817	RNU2	U2
ENSMUST00000083818	SNORD	SNORD18
ENSMUST00000083820	SNORA	SNORA44
ENSMUST00000083823	SNORD	SNORD113
ENSMUST00000083844	SNORA	SNORA55
ENSMUST00000083848	SNORD	SNORD30
ENSMUST00000083856	SNORD	SNORD103
ENSMUST00000083865	SNORA	SNORA5
ENSMUST00000083878	SNORA	SNORA42
ENSMUST00000083883	SNORA	SNORA3
ENSMUST00000083884	SNORD	SNORD35
ENSMUST00000083888	SNORD	SNORD15
ENSMUST00000083895	SNORD	SNORD16
ENSMUST00000083906	SNORA	SNORA71
ENSMUST00000083913	SNORA	SNORA32
ENSMUST00000083918	SNORA	SNORA2
ENSMUST00000083919	SNORD	SNORD58
ENSMUST00000083928	SNORA	SNORA67
ENSMUST00000083930	SNORA	SNORA71
ENSMUST00000083940	SNORA	SNORA71
ENSMUST00000083944	SNORD	SNORD34
ENSMUST00000083965	SNORA	SNORA72
ENSMUST00000083970	SNORD	SNORD63
ENSMUST00000083973	RNU2	U2
ENSMUST00000083990	SNORA	SNORA71
ENSMUST00000084005	SNORA	SNORA2
ENSMUST00000084006	SNORA	SNORA21
ENSMUST00000084010	RNU2	U2
ENSMUST00000093556	SNORA	SNORA33
ENSMUST00000093657	SNORA	SNORA21
ENSMUST00000093658	SNORA	SNORA57
ENSMUST00000093660	SNORA	SNORA71
ENSMUST00000097244	SNORD	SNORD115
ENSMUST00000097257	SNORD	SNORD115
ENSMUST00000101803	SNORD	SNORD115
ENSMUST00000101806	RNU2	U2
ENSMUST00000101824	SNORD	SNORD83
ENSMUST00000101832	SNORD	SNORD115
ENSMUST00000101891	SNORD	SNORD116
ENSMUST00000101927	SNORD	SNORD14
ENSMUST00000101992	SNORD	SNORD115
ENSMUST00000101993	SNORD	SNORD50
ENSMUST00000101994	SNORA	SNORA25
ENSMUST00000101995	SNORD	SNORD115
ENSMUST00000102015	SNORD	SNORD115
ENSMUST00000102021	SNORD	SNORD115
ENSMUST00000102033	SNORD	SNORD116
ENSMUST00000103954	SNORA	SNORA17
ENSMUST00000103955	SNORA	SNORA17
ENSMUST00000103956	SNORA	SNORA17
ENSMUST00000103958	SNORA	SNORA17
ENSMUST00000103961	SNORA	SNORA17
ENSMUST00000103962	SNORA	SNORA17
ENSMUST00000103965	SNORA	SNORA17
ENSMUST00000103970	SNORA	SNORA17
ENSMUST00000103972	SNORA	SNORA17
ENSMUST00000103976	SNORA	SNORA17
ENSMUST00000103978	SNORA	SNORA17
ENSMUST00000103979	SNORA	SNORA53
ENSMUST00000103981	SNORA	SNORA17
ENSMUST00000103983	SNORA	SNORA17
ENSMUST00000103984	SNORA	SNORA17
ENSMUST00000103986	SNORA	SNORA17
ENSMUST00000103987	SNORA	SNORA17
ENSMUST00000103988	SNORA	SNORA17
ENSMUST00000103989	SNORA	SNORA17
ENSMUST00000103990	SNORA	SNORA17
ENSMUST00000103992	SNORA	SNORA17
ENSMUST00000103993	SNORA	SNORA17
ENSMUST00000103997	SNORD	SNORD102
ENSMUST00000104003	SNORD	SNORD64
ENSMUST00000104004	SNORA	SNORA17
ENSMUST00000104008	SNORA	SNORA17
ENSMUST00000104009	SNORA	SNORA17
ENSMUST00000104012	SNORA	SNORA17
ENSMUST00000104013	SNORA	SNORA17
ENSMUST00000104014	SNORA	SNORA61
ENSMUST00000104016	SNORA	SNORA17
ENSMUST00000104017	SNORA	SNORA17
ENSMUST00000104020	SNORA	SNORA17
ENSMUST00000104021	SNORA	SNORA17
ENSMUST00000104024	SNORD	SNORD69
ENSMUST00000104026	SNORA	SNORA17
ENSMUST00000104027	SNORA	SNORA17
ENSMUST00000104029	SNORA	SNORA17
ENSMUST00000104032	SNORD	SNORD78
ENSMUST00000104033	SNORD	SNORD67
ENSMUST00000104034	SNORA	SNORA66
ENSMUST00000104035	SNORA	SNORA17
ENSMUST00000104036	SNORA	SNORA17
ENSMUST00000104039	SNORA	SNORA17
ENSMUST00000104040	SNORA	SNORA17
ENSMUST00000104043	SNORA	SNORA17
ENSMUST00000104047	SNORA	SNORA17
ENSMUST00000104049	SNORA	SNORA17
ENSMUST00000104051	SNORD	SNORD66
ENSMUST00000104052	SNORA	SNORA17
ENSMUST00000104055	SNORA	SNORA17
ENSMUST00000104056	SNORA	SNORA17
ENSMUST00000104058	SNORA	SNORA17
ENSMUST00000104062	SNORA	SNORA65
ENSMUST00000104063	SNORA	SNORA17
ENSMUST00000104064	SNORA	SNORA17
ENSMUST00000104066	SNORA	SNORA49
ENSMUST00000104067	SNORA	SNORA17
ENSMUST00000104068	SNORA	SNORA17
ENSMUST00000104069	SNORA	SNORA17
ENSMUST00000104071	SNORA	SNORA17
ENSMUST00000104072	SNORA	SNORA17
ENSMUST00000104076	SNORA	SNORA17
ENSMUST00000104080	SNORA	SNORA17
ENSMUST00000104081	SNORA	SNORA17
ENSMUST00000104082	SNORA	SNORA17
ENSMUST00000104083	SNORA	SNORA17
ENSMUST00000104086	SNORA	SNORA26
ENSMUST00000104087	SNORA	SNORA17
ENSMUST00000104088	SNORA	SNORA69
ENSMUST00000104090	SNORA	SNORA17
ENSMUST00000104091	SNORA	SNORA17
ENSMUST00000104092	SNORA	SNORA17
ENSMUST00000104094	SNORA	SNORA17
ENSMUST00000104098	SNORA	SNORA17
ENSMUST00000104099	SNORA	SNORA17
ENSMUST00000104100	SNORA	SNORA17
ENSMUST00000104101	SNORA	SNORA17
ENSMUST00000104102	SNORA	SNORA17
ENSMUST00000104103	SNORA	SNORA17
ENSMUST00000104104	SNORA	SNORA17
ENSMUST00000104105	SNORA	SNORA17
ENSMUST00000104106	SNORD	SNORD12
ENSMUST00000104107	SNORA	SNORA17
ENSMUST00000104108	SNORA	SNORA17
ENSMUST00000104110	SNORA	SNORA17
ENSMUST00000104114	SNORA	SNORA17
ENSMUST00000104116	SNORA	SNORA17
ENSMUST00000104117	SNORA	SNORA17
ENSMUST00000104118	SNORA	SNORA17
ENSMUST00000104120	SNORA	SNORA17
ENSMUST00000104123	SNORA	SNORA17
ENSMUST00000104124	SNORA	SNORA17
ENSMUST00000104126	SNORA	SNORA17
ENSMUST00000104130	SNORA	SNORA40
ENSMUST00000104132	SNORA	SNORA17
ENSMUST00000104136	SNORA	SNORA17
ENSMUST00000104137	SNORA	SNORA17
ENSMUST00000104140	SNORA	SNORA17
ENSMUST00000104144	SNORA	SNORA17
ENSMUST00000104145	SNORA	SNORA17
ENSMUST00000104148	SNORA	SNORA17
ENSMUST00000104151	SNORA	SNORA17
ENSMUST00000104152	SNORA	SNORA17
ENSMUST00000104154	SNORA	SNORA17
ENSMUST00000104156	SNORA	SNORA17
ENSMUST00000104157	SNORD	SNORD70
ENSMUST00000104160	SNORA	SNORA17
ENSMUST00000104166	SNORA	SNORA42
ENSMUST00000104168	SNORA	SNORA17
ENSMUST00000104169	SNORA	SNORA17
ENSMUST00000104170	SNORD	SNORD70
ENSMUST00000104172	SNORA	SNORA24
ENSMUST00000104173	SNORA	SNORA17
ENSMUST00000104178	SNORA	SNORA17
ENSMUST00000104180	SNORA	SNORA17
ENSMUST00000104188	SNORA	SNORA17
ENSMUST00000104189	SNORA	SNORA17
ENSMUST00000104190	SNORA	SNORA17
ENSMUST00000104191	SNORA	SNORA17
ENSMUST00000104192	SNORA	SNORA68
ENSMUST00000104193	SNORA	SNORA17
ENSMUST00000104197	SNORA	SNORA17
ENSMUST00000104203	SNORA	SNORA12
ENSMUST00000104204	SNORA	SNORA17
ENSMUST00000104205	SNORA	SNORA24
ENSMUST00000104209	SNORA	SNORA17
ENSMUST00000104210	SNORA	SNORA17
ENSMUST00000104211	SNORA	SNORA17
ENSMUST00000104212	SNORA	SNORA17
ENSMUST00000104214	SNORA	SNORA17
ENSMUST00000104216	SNORA	SNORA17
ENSMUST00000104219	SNORA	SNORA17
ENSMUST00000104220	SNORA	SNORA17
ENSMUST00000104222	SNORA	SNORA17
ENSMUST00000104223	SNORA	SNORA17
ENSMUST00000104225	SNORD	SNORD30
ENSMUST00000104227	SNORA	SNORA17
ENSMUST00000104228	SNORA	SNORA17
ENSMUST00000104229	SNORA	SNORA17
ENSMUST00000104230	SNORA	SNORA17
ENSMUST00000104234	SNORA	SNORA17
ENSMUST00000104236	SNORA	SNORA17
ENSMUST00000104237	SNORA	SNORA17
ENSMUST00000104238	SNORA	SNORA66
ENSMUST00000104239	SNORA	SNORA17
ENSMUST00000104242	SNORA	SNORA17
ENSMUST00000104247	SNORA	SNORA17
ENSMUST00000104250	SNORA	SNORA17
ENSMUST00000104251	SNORA	SNORA17
ENSMUST00000104252	SNORD	SNORD101
ENSMUST00000104253	SNORA	SNORA17
ENSMUST00000104254	SNORA	SNORA17
ENSMUST00000104259	SNORA	SNORA17
ENSMUST00000104260	SNORA	SNORA17
ENSMUST00000104263	SNORA	SNORA17
ENSMUST00000104265	SNORA	SNORA17
ENSMUST00000104267	SNORA	SNORA17
ENSMUST00000104268	SNORA	SNORA17
ENSMUST00000104269	SNORD	SNORD65
ENSMUST00000104271	SNORA	SNORA17
ENSMUST00000104272	SNORA	SNORA17
ENSMUST00000104274	SNORA	SNORA17
ENSMUST00000104275	SNORA	SNORA64
ENSMUST00000104277	SNORA	SNORA17
ENSMUST00000104280	SNORA	SNORA17
ENSMUST00000104281	SNORA	SNORA17
ENSMUST00000104282	SNORA	SNORA17
ENSMUST00000104284	SNORA	SNORA17
ENSMUST00000104285	SNORA	SNORA17
ENSMUST00000104286	SNORA	SNORA17
ENSMUST00000104288	SNORA	SNORA17
ENSMUST00000104289	SNORA	SNORA17
ENSMUST00000104293	SNORA	SNORA17
ENSMUST00000104296	SNORA	SNORA17
ENSMUST00000104297	SNORA	SNORA17
ENSMUST00000104300	SNORA	SNORA17
ENSMUST00000104305	SNORD	SNORD91
ENSMUST00000104306	SNORA	SNORA17
ENSMUST00000104307	SNORA	SNORA17
ENSMUST00000104309	SNORA	SNORA26
ENSMUST00000104313	SNORA	SNORA17
ENSMUST00000104314	SNORA	SNORA17
ENSMUST00000104317	SNORA	SNORA26
ENSMUST00000104319	SNORA	SNORA17
ENSMUST00000104326	SNORA	SNORA66
ENSMUST00000104327	SNORD	SNORD12
ENSMUST00000104331	SNORA	SNORA17
ENSMUST00000104332	SNORA	SNORA17
ENSMUST00000104333	SNORA	SNORA17
ENSMUST00000104334	SNORA	SNORA17
ENSMUST00000104338	SNORA	SNORA65
ENSMUST00000104339	SNORD	SNORD41
ENSMUST00000104340	SNORA	SNORA17
ENSMUST00000104349	SNORA	SNORA17
ENSMUST00000104350	SNORA	SNORA17
ENSMUST00000104351	SNORA	SNORA17
ENSMUST00000104352	SNORA	SNORA17
ENSMUST00000104354	SNORA	SNORA17
ENSMUST00000104355	SNORA	SNORA17
ENSMUST00000104357	SNORA	SNORA17
ENSMUST00000104358	SNORA	SNORA17
ENSMUST00000104361	SNORD	SNORD71
ENSMUST00000104364	SNORA	SNORA17
ENSMUST00000104365	SNORA	SNORA17
ENSMUST00000104366	SNORA	SNORA17
ENSMUST00000104367	SNORA	SNORA17
ENSMUST00000104369	SNORD	SNORD86
ENSMUST00000104370	SNORA	SNORA17
ENSMUST00000104371	SNORA	SNORA17
ENSMUST00000104373	SNORA	SNORA17
ENSMUST00000104375	SNORA	SNORA68
ENSMUST00000104376	SNORA	SNORA27
ENSMUST00000104377	SNORD	SNORD12
ENSMUST00000104379	SNORA	SNORA17
ENSMUST00000104381	SNORA	SNORA58
ENSMUST00000104384	SNORA	SNORA17
ENSMUST00000104387	SNORA	SNORA3
ENSMUST00000104388	SNORA	SNORA17
ENSMUST00000104390	SNORA	SNORA17
ENSMUST00000104391	SNORA	SNORA17
ENSMUST00000104393	SNORA	SNORA17
ENSMUST00000104397	SNORA	SNORA17
ENSMUST00000104398	SNORA	SNORA17
ENSMUST00000104399	SNORA	SNORA17
ENSMUST00000104402	SNORA	SNORA17
ENSMUST00000104403	SNORA	SNORA17
ENSMUST00000104404	SNORA	SNORA17
ENSMUST00000104405	SNORA	SNORA17
ENSMUST00000104407	SNORA	SNORA17
ENSMUST00000104411	SNORA	SNORA17
ENSMUST00000104413	SNORA	SNORA17
ENSMUST00000104414	SNORA	SNORA17
ENSMUST00000104415	SNORA	SNORA3
ENSMUST00000104419	SNORA	SNORA17
ENSMUST00000104420	SNORA	SNORA17
ENSMUST00000104421	SNORA	SNORA17
ENSMUST00000104423	SNORA	SNORA74
ENSMUST00000104424	SNORA	SNORA17
ENSMUST00000104425	SNORA	SNORA17
ENSMUST00000104427	SNORD	SNORD115
ENSMUST00000104428	SNORA	SNORA17
ENSMUST00000104429	SNORA	SNORA17
ENSMUST00000104430	SNORA	SNORA17
ENSMUST00000104431	SNORA	SNORA17
ENSMUST00000104436	SNORA	SNORA17
ENSMUST00000104439	SNORA	SNORA17
ENSMUST00000104440	SNORA	SNORA17
ENSMUST00000104441	SNORA	SNORA17
ENSMUST00000104442	SNORA	SNORA17
ENSMUST00000104444	SNORA	SNORA17
ENSMUST00000104447	SNORA	SNORA17
ENSMUST00000104449	SNORD	SNORD91
ENSMUST00000104451	SNORA	SNORA33
ENSMUST00000104453	SNORA	SNORA17
ENSMUST00000104454	SNORA	SNORA17
ENSMUST00000104455	SNORA	SNORA17
ENSMUST00000104456	SNORA	SNORA17
ENSMUST00000104457	SNORD	SNORD115
ENSMUST00000104459	SNORA	SNORA17
ENSMUST00000104460	SNORA	SNORA26
ENSMUST00000104461	SNORD	SNORD86
ENSMUST00000104462	SNORA	SNORA40
ENSMUST00000104465	SNORA	SNORA17
ENSMUST00000104467	SNORA	SNORA17
ENSMUST00000104471	SNORA	SNORA17
ENSMUST00000104472	SNORA	SNORA17
ENSMUST00000104475	SNORA	SNORA17
ENSMUST00000104476	SNORA	SNORA17
ENSMUST00000104479	SNORA	SNORA24
ENSMUST00000104481	SNORA	SNORA17
ENSMUST00000104483	SNORA	SNORA17
ENSMUST00000104484	SNORA	SNORA17
ENSMUST00000104485	SNORA	SNORA17
ENSMUST00000104486	SNORA	SNORA17
ENSMUST00000104487	SNORA	SNORA17
ENSMUST00000104490	SNORA	SNORA17
ENSMUST00000104492	SNORA	SNORA17
ENSMUST00000104493	SNORD	SNORD115
ENSMUST00000104494	SNORA	SNORA17
ENSMUST00000104495	SNORA	SNORA17
ENSMUST00000104497	SNORD	SNORD86
ENSMUST00000104499	SNORA	SNORA17
ENSMUST00000104501	SNORA	SNORA17
ENSMUST00000104502	SNORA	SNORA17
ENSMUST00000104505	SNORA	SNORA17
ENSMUST00000104507	SNORA	SNORA17
ENSMUST00000104509	SNORA	SNORA17
ENSMUST00000104510	SNORD	SNORD12
ENSMUST00000104513	SNORA	SNORA17
ENSMUST00000104514	SNORD	SNORD105
ENSMUST00000104515	SNORA	SNORA17
ENSMUST00000104516	SNORD	SNORD89
ENSMUST00000104519	SNORA	SNORA17
ENSMUST00000104520	SNORA	SNORA17
ENSMUST00000104521	SNORA	SNORA64
ENSMUST00000104522	SNORA	SNORA17
ENSMUST00000104523	SNORA	SNORA40
ENSMUST00000104526	SNORD	SNORD17
ENSMUST00000104528	SNORA	SNORA17
ENSMUST00000104529	SNORA	SNORA17
ENSMUST00000104530	SNORA	SNORA17
ENSMUST00000104531	SNORA	SNORA17
ENSMUST00000104538	SNORA	SNORA17
ENSMUST00000104540	SNORA	SNORA17
ENSMUST00000104542	SNORA	SNORA17
ENSMUST00000104545	SNORA	SNORA17
ENSMUST00000104547	SNORA	SNORA17
ENSMUST00000104548	SNORA	SNORA17
ENSMUST00000104549	SNORD	SNORD72
ENSMUST00000104550	SNORA	SNORA17
ENSMUST00000104553	SNORA	SNORA17
ENSMUST00000104556	SNORA	SNORA17
ENSMUST00000104557	SNORA	SNORA17
ENSMUST00000104561	SNORA	SNORA17
ENSMUST00000104562	SNORA	SNORA17
ENSMUST00000104564	SNORA	SNORA17
ENSMUST00000104568	SNORD	SNORD90
ENSMUST00000104569	SNORA	SNORA42
ENSMUST00000104570	SNORA	SNORA17
ENSMUST00000104571	SNORA	SNORA17
ENSMUST00000104573	SNORA	SNORA17
ENSMUST00000104579	SNORA	SNORA35
ENSMUST00000104580	SNORA	SNORA17
ENSMUST00000104581	SNORA	SNORA29
ENSMUST00000104584	SNORD	SNORD116
ENSMUST00000104588	SNORA	SNORA17
ENSMUST00000104589	SNORA	SNORA17
ENSMUST00000104592	SNORA	SNORA17
ENSMUST00000104594	SNORA	SNORA17
ENSMUST00000104596	SNORA	SNORA17
ENSMUST00000104598	SNORA	SNORA17
ENSMUST00000104599	SNORA	SNORA17
ENSMUST00000104607	SNORA	SNORA17
ENSMUST00000104608	SNORA	SNORA17
ENSMUST00000104609	SNORD	SNORD19
ENSMUST00000104610	SNORA	SNORA17
ENSMUST00000104611	SNORA	SNORA17
ENSMUST00000104616	SNORA	SNORA17
ENSMUST00000116685	SNORD	SNORD93
ENSMUST00000116702	SNORD	SNORD88
ENSMUST00000116708	RNU6ATAC	U6atac
ENSMUST00000116714	SNORA	SNORA77
ENSMUST00000116715	SNORA	SNORA79
ENSMUST00000116723	SNORD	SNORD88
ENSMUST00000116734	RNU6ATAC	U6atac
ENSMUST00000116746	SNORD	SNORD111
ENSMUST00000116763	RNU6ATAC	U6atac
ENSMUST00000116775	RNU6ATAC	U6atac
ENSMUST00000116778	RNU6ATAC	U6atac
ENSMUST00000116787	RNU6ATAC	U6atac
ENSMUST00000116790	SNORA	SNORA79
ENSMUST00000116811	SNORA	SNORA11
ENSMUST00000116813	SNORD	SNORD75
ENSMUST00000116815	SNORD	SNORD94
ENSMUST00000116819	SNORD	SNORD98
ENSMUST00000116828	SNORD	SNORD23
ENSMUST00000116830	RNU6ATAC	U6atac
ENSMUST00000116849	RNU6ATAC	U6atac
ENSMUST00000116853	SNORD	SNORD88
ENSMUST00000116867	RNU6ATAC	U6atac
ENSMUST00000116868	SNORD	SNORD111
ENSMUST00000116874	RNU6ATAC	U6atac
ENSMUST00000116886	SNORA	SNORA3
ENSMUST00000116888	RNU6ATAC	U6atac
ENSMUST00000116890	SNORA	SNORA76
ENSMUST00000116895	RNU6ATAC	U6atac
ENSMUST00000116916	RNU6ATAC	U6atac
ENSMUST00000116927	RNU6ATAC	U6atac
ENSMUST00000116932	SNORA	SNORA11
ENSMUST00000116945	RNU6ATAC	U6atac
ENSMUST00000116957	SNORD	SNORD23
ENSMUST00000116960	SNORD	SNORD110
ENSMUST00000116965	SNORD	SNORD99
ENSMUST00000116972	SNORA	SNORA11
ENSMUST00000117023	RNU6ATAC	U6atac
ENSMUST00000117033	SNORD	SNORD88
ENSMUST00000117039	SNORA	SNORA79
ENSMUST00000122472	SNORA	SNORA35
ENSMUST00000122498	SNORA	SNORA40
ENSMUST00000122499	RNU2	U2
ENSMUST00000122510	SNORD	SNORD113
ENSMUST00000122535	RNU2	U2
ENSMUST00000122538	SNORD	SNORD113
ENSMUST00000122568	SNORA	SNORA66
ENSMUST00000122572	SNORA	SNORA40
ENSMUST00000122600	SNORD	SNORD113
ENSMUST00000122655	SNORD	SNORD113
ENSMUST00000122657	RNU2	U2
ENSMUST00000122660	YRNA	Y_RNA
ENSMUST00000122668	RNU2	U2
ENSMUST00000122683	RNU2	U2
ENSMUST00000122718	SNORD	SNORD44
ENSMUST00000122720	RNU2	U2
ENSMUST00000122729	RNU2	U2
ENSMUST00000122737	SNORA	SNORA19
ENSMUST00000122741	SNORA	SNORA16
ENSMUST00000122742	SNORD	SNORD113
ENSMUST00000122762	YRNA	Y_RNA
ENSMUST00000122796	SNORA	SNORA57
ENSMUST00000122803	RNU2	U2
ENSMUST00000127764	SNORA	SNORA29
ENSMUST00000157090	SNORA	SNORA17
ENSMUST00000157092	SNORA	SNORA17
ENSMUST00000157098	SNORA	SNORA17
ENSMUST00000157099	SNORA	SNORA17
ENSMUST00000157111	SNORA	SNORA40
ENSMUST00000157114	SCARNA	SCARNA21
ENSMUST00000157117	SNORA	SNORA17
ENSMUST00000157122	SNORA	SNORA40
ENSMUST00000157140	SNORA	SNORA17
ENSMUST00000157147	SNORA	SNORA17
ENSMUST00000157151	SNORA	SNORA17
ENSMUST00000157156	SNORA	SNORA48
ENSMUST00000157165	SNORD	SNORD127
ENSMUST00000157168	SNORA	SNORA38
ENSMUST00000157170	SNORA	SNORA17
ENSMUST00000157175	SNORA	SNORA48
ENSMUST00000157177	SNORA	SNORA70
ENSMUST00000157181	SNORA	SNORA17
ENSMUST00000157185	SNORA	SNORA48
ENSMUST00000157188	SNORA	SNORA40
ENSMUST00000157191	SNORA	SNORA70
ENSMUST00000157194	SNORA	SNORA48
ENSMUST00000157206	SNORA	SNORA72
ENSMUST00000157222	SCARNA	SCARNA13
ENSMUST00000157225	SNORA	SNORA17
ENSMUST00000157232	SNORA	SNORA17
ENSMUST00000157233	SNORA	SNORA17
ENSMUST00000157237	SNORA	SNORA17
ENSMUST00000157242	SNORA	SNORA17
ENSMUST00000157245	SNORA	SNORA17
ENSMUST00000157253	RNU2	U2
ENSMUST00000157255	SNORA	SNORA17
ENSMUST00000157256	SCARNA	SCARNA21
ENSMUST00000157258	SNORA	SNORA17
ENSMUST00000157259	SNORA	SNORA17
ENSMUST00000157262	SNORA	SNORA48
ENSMUST00000157267	SNORA	SNORA17
ENSMUST00000157268	RNU6ATAC	U6atac
ENSMUST00000157272	YRNA	Y_RNA
ENSMUST00000157278	SNORA	SNORA17
ENSMUST00000157283	SNORA	SNORA17
ENSMUST00000157287	SNORD	SNORD19B
ENSMUST00000157291	SNORA	SNORA70
ENSMUST00000157292	SNORA	SNORA17
ENSMUST00000157294	SNORA	SNORA17
ENSMUST00000157301	SNORA	SNORA70
ENSMUST00000157304	SNORA	SNORA17
ENSMUST00000157305	SNORA	SNORA55
ENSMUST00000157308	SNORA	SNORA76
ENSMUST00000157310	SNORA	SNORA81
ENSMUST00000157311	SNORA	SNORA17
ENSMUST00000157315	SNORA	SNORA17
ENSMUST00000157317	SNORA	SNORA17
ENSMUST00000157329	SNORA	SNORA17
ENSMUST00000157338	SNORA	SNORA84
ENSMUST00000157342	SNORA	SNORA70
ENSMUST00000157343	SCARNA	SCARNA6
ENSMUST00000157348	SNORA	SNORA48
ENSMUST00000157360	SNORA	SNORA17
ENSMUST00000157365	SCARNA	SCARNA4
ENSMUST00000157367	SNORA	SNORA17
ENSMUST00000157380	SNORA	SNORA70
ENSMUST00000157383	SCARNA	SCARNA20
ENSMUST00000157384	SNORA	SNORA17
ENSMUST00000157394	SNORA	SNORA17
ENSMUST00000157395	SNORA	SNORA17
ENSMUST00000157402	SNORA	SNORA17
ENSMUST00000157412	SNORA	SNORA70
ENSMUST00000157414	SNORA	SNORA17
ENSMUST00000157416	SNORA	SNORA17
ENSMUST00000157418	SNORA	SNORA17
ENSMUST00000157421	SNORA	SNORA17
ENSMUST00000157422	SNORA	SNORA17
ENSMUST00000157430	SNORA	SNORA17
ENSMUST00000157433	SNORA	SNORA70
ENSMUST00000157435	SNORA	SNORA48
ENSMUST00000157459	SNORA	SNORA17
ENSMUST00000157467	SNORA	SNORA17
ENSMUST00000157469	SNORA	SNORA17
ENSMUST00000157470	SNORA	SNORA17
ENSMUST00000157473	SNORA	SNORA17
ENSMUST00000157478	SNORA	SNORA48
ENSMUST00000157480	SNORA	SNORA17
ENSMUST00000157483	SNORA	SNORA47
ENSMUST00000157486	SNORA	SNORA17
ENSMUST00000157489	SNORA	SNORA72
ENSMUST00000157500	SNORA	SNORA17
ENSMUST00000157501	SNORA	SNORA17
ENSMUST00000157509	SNORA	SNORA17
ENSMUST00000157510	SNORA	SNORA81
ENSMUST00000157520	SNORA	SNORA17
ENSMUST00000157521	SCARNA	SCARNA3
ENSMUST00000157522	SNORA	SNORA17
ENSMUST00000157526	SCARNA	SCARNA11
ENSMUST00000157530	SNORA	SNORA17
ENSMUST00000157534	SNORA	SNORA17
ENSMUST00000157544	SNORD	SNORD124
ENSMUST00000157560	SCARNA	SCARNA2
ENSMUST00000157566	SNORA	SNORA17
ENSMUST00000157567	SNORA	SNORA17
ENSMUST00000157571	SNORA	SNORA70
ENSMUST00000157572	SNORA	SNORA17
ENSMUST00000157573	SNORA	SNORA17
ENSMUST00000157583	SCARNA	SCARNA11
ENSMUST00000157597	SNORA	SNORA17
ENSMUST00000157599	SNORA	SNORA17
ENSMUST00000157600	SNORA	SNORA40
ENSMUST00000157603	SNORA	SNORA70
ENSMUST00000157607	SNORA	SNORA17
ENSMUST00000157615	SNORA	SNORA70
ENSMUST00000157616	SNORA	SNORA17
ENSMUST00000157617	SCARNA	SCARNA17
ENSMUST00000157619	SNORA	SNORA40
ENSMUST00000157620	SNORA	SNORA17
ENSMUST00000157629	SCARNA	SCARNA14
ENSMUST00000157630	SNORA	SNORA48
ENSMUST00000157632	SNORA	SNORA17
ENSMUST00000157635	SNORA	SNORA48
ENSMUST00000157636	SNORA	SNORA17
ENSMUST00000157641	SNORA	SNORA48
ENSMUST00000157648	SNORA	SNORA48
ENSMUST00000157657	SNORA	SNORA17
ENSMUST00000157682	SNORA	SNORA17
ENSMUST00000157685	SCARNA	SCARNA17
ENSMUST00000157686	SNORA	SNORA17
ENSMUST00000157695	SNORA	SNORA17
ENSMUST00000157721	SNORA	SNORA17
ENSMUST00000157727	SNORA	SNORA17
ENSMUST00000157733	SNORA	SNORA17
ENSMUST00000157737	SNORA	SNORA17
ENSMUST00000157747	SNORA	SNORA17
ENSMUST00000157749	SNORA	SNORA17
ENSMUST00000157752	SNORA	SNORA40
ENSMUST00000157754	SNORA	SNORA17
ENSMUST00000157766	SNORA	SNORA17
ENSMUST00000157767	SNORA	SNORA17
ENSMUST00000157773	SNORA	SNORA40
ENSMUST00000157777	RNU2	U2
ENSMUST00000157785	SNORA	SNORA31
ENSMUST00000157787	SNORA	SNORA79
ENSMUST00000157793	SNORA	SNORA17
ENSMUST00000157794	SNORA	SNORA70
ENSMUST00000157795	SNORA	SNORA70
ENSMUST00000157798	SNORA	SNORA48
ENSMUST00000157800	SNORA	SNORA17
ENSMUST00000157810	SNORA	SNORA48
ENSMUST00000157813	SNORA	SNORA17
ENSMUST00000157815	SNORA	SNORA17
ENSMUST00000157818	SNORA	SNORA17
ENSMUST00000157819	SNORA	SNORA17
ENSMUST00000157820	SCARNA	SCARNA24
ENSMUST00000157822	SNORA	SNORA40
ENSMUST00000157826	SNORA	SNORA70
ENSMUST00000157840	SNORA	SNORA17
ENSMUST00000157844	SNORA	SNORA17
ENSMUST00000157847	SNORA	SNORA17
ENSMUST00000157851	SNORA	SNORA17
ENSMUST00000157852	SNORA	SNORA70
ENSMUST00000157854	SNORA	SNORA17
ENSMUST00000157868	SNORA	SNORA40
ENSMUST00000157870	SNORA	SNORA17
ENSMUST00000157879	SNORA	SNORA17
ENSMUST00000157880	SCARNA	SCARNA13
ENSMUST00000157884	SNORA	SNORA17
ENSMUST00000157885	SNORA	SNORA17
ENSMUST00000157887	SNORA	SNORA17
ENSMUST00000157896	SNORA	SNORA17
ENSMUST00000157899	SNORD	SNORD2
ENSMUST00000157900	SNORA	SNORA17
ENSMUST00000157911	SNORA	SNORA48
ENSMUST00000157913	SNORA	SNORA17
ENSMUST00000157914	SNORA	SNORA17
ENSMUST00000157916	SNORA	SNORA48
ENSMUST00000157925	SNORA	SNORA17
ENSMUST00000157933	SNORA	SNORA17
ENSMUST00000157952	SNORA	SNORA70
ENSMUST00000157953	SNORA	SNORA17
ENSMUST00000157954	SNORA	SNORA17
ENSMUST00000157957	SNORA	SNORA17
ENSMUST00000157969	SNORA	SNORA17
ENSMUST00000157996	SNORA	SNORA17
ENSMUST00000157998	RNU6ATAC	U6atac
ENSMUST00000158008	SNORA	SNORA17
ENSMUST00000158009	SNORD	SNORD125
ENSMUST00000158010	SNORA	SNORA48
ENSMUST00000158013	SNORA	SNORA17
ENSMUST00000158024	SNORA	SNORA17
ENSMUST00000158026	SNORA	SNORA40
ENSMUST00000158029	SNORA	SNORA17
ENSMUST00000158047	RNU6ATAC	U6atac
ENSMUST00000158053	SNORA	SNORA17
ENSMUST00000158059	SNORA	SNORA17
ENSMUST00000158060	SNORA	SNORA70
ENSMUST00000158062	SNORA	SNORA70
ENSMUST00000158063	SNORA	SNORA70
ENSMUST00000158064	SCARNA	SCARNA18
ENSMUST00000158066	SNORA	SNORA68
ENSMUST00000158068	SNORA	SNORA17
ENSMUST00000158070	SNORA	SNORA70
ENSMUST00000158087	SCARNA	SCARNA23
ENSMUST00000158090	SNORA	SNORA17
ENSMUST00000158091	SNORA	SNORA17
ENSMUST00000158092	SNORA	SNORA70
ENSMUST00000158101	SNORA	SNORA48
ENSMUST00000158105	SNORA	SNORA17
ENSMUST00000158109	SNORA	SNORA17
ENSMUST00000158114	SNORA	SNORA17
ENSMUST00000158115	SNORA	SNORA17
ENSMUST00000158119	SNORA	SNORA17
ENSMUST00000158126	SNORA	SNORA17
ENSMUST00000158131	SNORA	SNORA17
ENSMUST00000158139	SNORA	SNORA17
ENSMUST00000158141	SNORA	SNORA17
ENSMUST00000158145	SNORA	SNORA17
ENSMUST00000158147	SNORA	SNORA81
ENSMUST00000158149	SNORA	SNORA48
ENSMUST00000158156	SNORA	SNORA17
ENSMUST00000158157	SNORA	SNORA17
ENSMUST00000158159	SNORA	SNORA55
ENSMUST00000158167	SNORA	SNORA17
ENSMUST00000158171	SNORA	SNORA17
ENSMUST00000158173	RNU6ATAC	U6atac
ENSMUST00000158181	SNORA	SNORA84
ENSMUST00000158185	SNORA	SNORA40
ENSMUST00000158191	SCARNA	SCARNA3
ENSMUST00000158192	SNORA	SNORA17
ENSMUST00000158195	SNORD	SNORD113
ENSMUST00000158198	SNORA	SNORA70
ENSMUST00000158199	SNORA	SNORA17
ENSMUST00000158204	SNORA	SNORA17
ENSMUST00000158211	SNORA	SNORA48
ENSMUST00000158215	SNORA	SNORA17
ENSMUST00000158221	SNORA	SNORA17
ENSMUST00000158223	SNORA	SNORA17
ENSMUST00000158226	SNORA	SNORA4
ENSMUST00000158227	SNORA	SNORA17
ENSMUST00000158228	SNORA	SNORA17
ENSMUST00000158232	SNORA	SNORA40
ENSMUST00000158233	SNORA	SNORA17
ENSMUST00000158243	SNORA	SNORA17
ENSMUST00000158245	SNORA	SNORA17
ENSMUST00000158250	SNORA	SNORA70
ENSMUST00000158252	SNORA	SNORA17
ENSMUST00000158253	SNORA	SNORA17
ENSMUST00000158258	SNORA	SNORA17
ENSMUST00000158259	SNORA	SNORA17
ENSMUST00000158263	SNORA	SNORA17
ENSMUST00000158269	SNORA	SNORA44
ENSMUST00000158270	SNORA	SNORA81
ENSMUST00000158271	SNORA	SNORA17
ENSMUST00000158272	SNORA	SNORA17
ENSMUST00000158274	SNORA	SNORA17
ENSMUST00000158275	SNORA	SNORA17
ENSMUST00000158278	SCARNA	SCARNA16
ENSMUST00000158280	SNORA	SNORA17
ENSMUST00000158281	SNORA	SNORA17
ENSMUST00000158282	SNORA	SNORA17
ENSMUST00000158286	SNORA	SNORA17
ENSMUST00000158292	SNORA	SNORA17
ENSMUST00000158298	SNORA	SNORA17
ENSMUST00000158304	SNORD	SNORD5
ENSMUST00000158305	SNORA	SNORA70
ENSMUST00000158316	SNORA	SNORA17
ENSMUST00000158323	SNORD	SNORD97
ENSMUST00000158328	SNORA	SNORA17
ENSMUST00000158333	SCARNA	SCARNA8
ENSMUST00000158350	SNORA	SNORA17
ENSMUST00000158354	SNORA	SNORA72
ENSMUST00000158359	SNORA	SNORA17
ENSMUST00000158365	SCARNA	SCARNA1
ENSMUST00000158374	SNORA	SNORA17
ENSMUST00000158376	SNORD	SNORD19B
ENSMUST00000158377	SNORA	SNORA70
ENSMUST00000158382	SNORA	SNORA68
ENSMUST00000158386	SNORA	SNORA48
ENSMUST00000158389	SNORA	SNORA36
ENSMUST00000158392	SNORA	SNORA17
ENSMUST00000158399	SNORA	SNORA17
ENSMUST00000158400	SNORA	SNORA17
ENSMUST00000158402	SNORA	SNORA17
ENSMUST00000158404	SNORA	SNORA17
ENSMUST00000158408	SNORA	SNORA70
ENSMUST00000158409	SNORA	ACA64
ENSMUST00000158411	SNORA	SNORA17
ENSMUST00000158412	SNORA	SNORA17
ENSMUST00000158420	SNORA	SNORA70
ENSMUST00000158421	SNORA	SNORA17
ENSMUST00000158444	SNORA	SNORA44
ENSMUST00000158454	SNORA	SNORA17
ENSMUST00000158462	SNORA	SNORA17
ENSMUST00000158468	SNORD	SNORD11
ENSMUST00000158472	SNORA	SNORA17
ENSMUST00000158473	SNORA	SNORA17
ENSMUST00000158489	SNORA	SNORA17
ENSMUST00000158491	SNORA	SNORA17
ENSMUST00000158494	SNORA	SNORA17
ENSMUST00000158498	SNORA	SNORA17
ENSMUST00000158503	SNORA	SNORA17
ENSMUST00000158505	SNORA	SNORA17
ENSMUST00000158519	SNORA	SNORA17
ENSMUST00000158530	SNORA	SNORA17
ENSMUST00000158532	SNORA	SNORA17
ENSMUST00000158536	SNORA	SNORA48
ENSMUST00000158546	SNORA	SNORA17
ENSMUST00000158549	SNORA	SNORA40
ENSMUST00000158550	SCARNA	SCARNA14
ENSMUST00000158553	SNORA	SNORA17
ENSMUST00000158559	SNORA	SNORA70
ENSMUST00000158565	SNORA	SNORA48
ENSMUST00000158566	SNORA	SNORA17
ENSMUST00000158569	SNORA	SNORA17
ENSMUST00000158572	SNORA	SNORA17
ENSMUST00000158578	SNORA	SNORA70
ENSMUST00000158585	SCARNA	SCARNA21
ENSMUST00000158590	SCARNA	SCARNA3
ENSMUST00000158595	SNORA	SNORA17
ENSMUST00000158606	SNORA	SNORA17
ENSMUST00000158610	SCARNA	SCARNA17
ENSMUST00000158612	SNORA	SNORA17
ENSMUST00000158614	SNORD	SNORD63
ENSMUST00000158627	SNORA	SNORA17
ENSMUST00000158630	SNORA	ACA64
ENSMUST00000158633	SNORA	SNORA17
ENSMUST00000158637	SNORA	SNORA17
ENSMUST00000158640	SNORD	SNORD121A
ENSMUST00000158642	SNORA	SNORA48
ENSMUST00000158647	SNORA	SNORA17
ENSMUST00000158650	SNORA	SNORA17
ENSMUST00000158653	SNORA	SNORA17
ENSMUST00000158654	SNORA	SNORA17
ENSMUST00000158656	SCARNA	SCARNA6
ENSMUST00000158659	SNORA	SNORA17
ENSMUST00000158662	SNORA	SNORA38
ENSMUST00000158664	SNORA	SNORA17
ENSMUST00000158674	SNORA	SNORA17
ENSMUST00000158677	SNORA	SNORA17
ENSMUST00000158679	SNORA	SNORA17
ENSMUST00000158683	SNORD	SNORD121A
ENSMUST00000158684	SNORA	SNORA17
ENSMUST00000158685	SNORA	SNORA17
ENSMUST00000158686	SNORA	SNORA17
ENSMUST00000158692	SNORD	SNORD123
ENSMUST00000158695	SNORA	SNORA17
ENSMUST00000158702	SNORA	SNORA17
ENSMUST00000158706	SNORA	SNORA17
ENSMUST00000158708	SNORA	SNORA17
ENSMUST00000158710	SNORA	SNORA17
ENSMUST00000158711	SNORA	SNORA17
ENSMUST00000158724	SNORA	SNORA17
ENSMUST00000158725	SNORD	SNORD22
ENSMUST00000158734	SNORA	SNORA17
ENSMUST00000158739	SNORA	SNORA17
ENSMUST00000158748	SNORA	SNORA17
ENSMUST00000158750	SNORD	SNORD107
ENSMUST00000158759	SNORA	SNORA17
ENSMUST00000158760	SNORA	SNORA17
ENSMUST00000158761	SNORA	SNORA84
ENSMUST00000158762	SNORA	SNORA17
ENSMUST00000158768	RNU2	U2
ENSMUST00000158784	SNORA	SNORA17
ENSMUST00000158790	SNORA	SNORA17
ENSMUST00000158792	SCARNA	SCARNA7
ENSMUST00000158798	RNU6ATAC	U6atac
ENSMUST00000158802	SNORA	SNORA17
ENSMUST00000158814	SNORA	SNORA17
ENSMUST00000158815	SCARNA	SCARNA3
ENSMUST00000158819	SNORA	SNORA17
ENSMUST00000158820	SNORA	SNORA17
ENSMUST00000158829	SNORA	SNORA17
ENSMUST00000158830	SNORA	SNORA17
ENSMUST00000158835	SNORA	SNORA70
ENSMUST00000158836	SNORA	SNORA17
ENSMUST00000158839	SNORA	SNORA17
ENSMUST00000158876	SNORA	SNORA17
ENSMUST00000158882	SNORA	SNORA17
ENSMUST00000158887	SNORD	SNORD11B
ENSMUST00000158889	SNORA	SNORA17
ENSMUST00000158899	SNORA	SNORA70
ENSMUST00000158903	SNORA	SNORA17
ENSMUST00000158909	SNORA	SNORA17
ENSMUST00000158913	SNORA	SNORA17
ENSMUST00000158917	SNORD	SNORD10
ENSMUST00000158918	SNORA	SNORA17
ENSMUST00000158923	SNORA	SNORA17
ENSMUST00000158927	SNORA	SNORA17
ENSMUST00000158928	SNORA	SNORA17
ENSMUST00000158931	SNORA	SNORA70
ENSMUST00000158950	SNORA	SNORA17
ENSMUST00000158955	SNORA	SNORA17
ENSMUST00000158964	SNORA	SNORA48
ENSMUST00000158966	SNORA	SNORA17
ENSMUST00000158981	SNORA	SNORA17
ENSMUST00000158990	SNORA	SNORA17
ENSMUST00000159000	SCARNA	SCARNA18
ENSMUST00000174924	RN7SL	Metazoa_SRP
ENSMUST00000174939	SNORD	SNORD39
ENSMUST00000174946	SNORD	SNORD48
ENSMUST00000174961	RN7SL	Metazoa_SRP
ENSMUST00000174969	SNORA	SNORA70
ENSMUST00000174972	SNORD	SNORD53_SNORD92
ENSMUST00000174989	SNORA	SNORA24
ENSMUST00000175032	RN7SL	Metazoa_SRP
ENSMUST00000175064	RN7SL	Metazoa_SRP
ENSMUST00000175078	SNORA	SNORA13
ENSMUST00000175128	SNORD	SNORD62
ENSMUST00000175134	RN7SL	Metazoa_SRP
ENSMUST00000175146	SNORD	SNORD53_SNORD92
ENSMUST00000175258	YRNA	Y_RNA
ENSMUST00000175261	SNORA	SNORA17
ENSMUST00000175268	SNORD	SNORD52
ENSMUST00000175371	RN7SL	Metazoa_SRP
ENSMUST00000175398	SNORA	SNORA70
ENSMUST00000175437	SNORD	SNORD87
ENSMUST00000175536	SNORA	SNORA8
ENSMUST00000175548	SNORD	SNORD53_SNORD92
ENSMUST00000175580	SNORD	SNORD93
ENSMUST00000175614	SNORA	SNORA26
ENSMUST00000175746	SNORD	SNORD86
ENSMUST00000177331	SNORD	SNORD121A
ENSMUST00000177461	SNORA	SNORA15
ENSMUST00000177935	SNORD	SNORD116
ENSMUST00000178089	SNORA	SNORA17
ENSMUST00000178490	SNORA	SNORA17
ENSMUST00000178914	SNORD	SNORD116
ENSMUST00000178930	SNORA	SNORA17
ENSMUST00000179446	SNORA	SNORA17
ENSMUST00000179642	SNORD	SNORD116
ENSMUST00000179807	SNORA	SNORA17
ENSMUST00000179812	SNORA	SNORA5
ENSMUST00000180050	SNORA	SNORA17
ENSMUST00000180325	SNORA	SNORA17
ENSMUST00000181621	SNORA	SNORA43
ENSMUST00000185033	SCARNA	SCARNA2
ENSMUST00000196828	SNORA	SNORA43
ENSMUST00000197479	SCARNA	SCARNA4
ENSMUST00000197860	SCARNA	SCARNA4
ENSMUST00000198972	SCARNA	SCARNA4
ENSMUST00000199545	SCARNA	SCARNA4
ENSMUST00000199731	SNORA	SNORA17
ENSMUST00000200181	SNORA	SNORA76
ENSMUST00000200225	SNORA	SNORA17
ENSMUST00000200346	SCARNA	SCARNA4
ENSMUST00000239566	SNORD	SNORD116
ENSMUST00000239571	SNORD	SNORD115
ENSMUST00000239572	SNORD	SNORD116
ENSMUST00000239584	SNORA	SNORA17
ENSMUST00000239586	SNORD	SNORD115
ENSMUST00000239594	SNORD	SNORD115
ENSMUST00000239603	SNORD	SNORD116
ENSMUST00000239605	SNORA	SNORA17
ENSMUST00000239610	SNORD	SNORD116
ENSMUST00000239611	SNORD	SNORD116
ENSMUST00000239613	SNORA	SNORA17
ENSMUST00000239617	SNORD	SNORD115
ENSMUST00000239619	SNORD	SNORD115
ENSMUST00000239633	SNORD	SNORD116
ENSMUST00000239635	SNORD	SNORD116
ENSMUST00000239643	SNORD	SNORD115
ENSMUST00000239644	SNORD	SNORD116
ENSMUST00000239663	SNORA	SNORA17
ENSMUST00000239664	SNORD	SNORD116
ENSMUST00000239673	SNORD	SNORD115
ENSMUST00000239674	SNORD	SNORD116
ENSMUST00000239679	SNORA	SNORA17
ENSMUST00000239684	SNORD	SNORD115
ENSMUST00000239685	SNORD	SNORD116
ENSMUST00000239689	SNORA	SNORA17
ENSMUST00000239693	SNORD	SNORD116
ENSMUST00000239696	SNORD	SNORD116
ENSMUST00000239697	SNORD	SNORD115
ENSMUST00000239709	SNORD	SNORD115
ENSMUST00000239720	SNORD	SNORD116
ENSMUST00000239721	SNORD	SNORD116
ENSMUST00000239725	SNORA	SNORA17
ENSMUST00000239730	SNORD	SNORD115
ENSMUST00000239735	SNORA	SNORA17
ENSMUST00000239737	SNORD	SNORD116
ENSMUST00000239744	SNORD	SNORD116
ENSMUST00000239746	SNORD	SNORD115
ENSMUST00000239757	SNORD	SNORD115
ENSMUST00000239763	SNORD	SNORD115
ENSMUST00000239774	SNORD	SNORD115
ENSMUST00000239781	SNORD	SNORD115
ENSMUST00000239783	SNORD	SNORD116
ENSMUST00000239785	SNORD	SNORD115
ENSMUST00000239788	SNORD	SNORD115
ENSMUST00000239793	SNORD	SNORD115
ENSMUST00000239794	SNORD	SNORD115
ENSMUST00000239797	SNORD	SNORD115
ENSMUST00000239800	SNORD	SNORD115
ENSMUST00000239802	SNORA	SNORA17
ENSMUST00000239804	SNORD	SNORD116
ENSMUST00000239809	SNORD	SNORD115
ENSMUST00000239818	SNORD	SNORD115
ENSMUST00000239831	SNORA	SNORA5
ENSMUST00000239833	SNORD	SNORD115
ENSMUST00000239840	SNORD	SNORD116
ENSMUST00000239845	SNORD	SNORD116
ENSMUST00000239847	SNORD	SNORD116
ENSMUST00000239851	SNORD	SNORD115
ENSMUST00000239852	SNORD	SNORD115
ENSMUST00000239860	SNORD	SNORD115
ENSMUST00000239862	SNORD	SNORD115
ENSMUST00000239864	SNORD	SNORD115
ENSMUST00000239868	SNORD	SNORD116
ENSMUST00000239870	SNORD	SNORD115
ENSMUST00000239873	SNORD	SNORD115
ENSMUST00000239876	SNORA	SNORA17
ENSMUST00000239884	SNORA	SNORA17
ENSMUST00000239886	SNORA	SNORA48
ENSMUST00000239887	SNORD	SNORD115
ENSMUST00000239888	SNORA	SNORA17
ENSMUST00000239895	SNORD	SNORD116
ENSMUST00000239896	SNORD	SNORD115
ENSMUST00000239898	SNORD	SNORD115
ENSMUST00000239904	SNORD	SNORD116
ENSMUST00000239909	SNORD	SNORD115
ENSMUST00000239915	SNORD	SNORD116
ENSMUST00000239932	SNORD	SNORD50
ENSMUST00000239936	SNORD	SNORD116
ENSMUST00000239938	SNORA	SNORA17
ENSMUST00000239946	SNORD	SNORD115
ENSMUST00000239950	SNORD	SNORD115
ENSMUST00000239955	SNORD	SNORD116
ENSMUST00000239959	SNORD	SNORD115
ENSMUST00000239960	SNORD	SNORD116
ENSMUST00000239964	SNORD	SNORD115
ENSMUST00000239971	SNORA	SNORA5
ENSMUST00000239975	SNORD	SNORD115
ENSMUST00000239981	SNORA	SNORA17
ENSMUST00000239982	SNORD	SNORD115
ENSMUST00000239985	SNORA	SNORA17
ENSMUST00000239989	SNORD	SNORD115
ENSMUST00000239990	SNORD	SNORD116
ENSMUST00000239995	RNU2	U2
ENSMUST00000239996	SNORD	SNORD115
ENSMUST00000240003	SNORD	SNORD50
ENSMUST00000240012	SNORD	SNORD116
ENSMUST00000240014	SNORD	SNORD116
ENSMUST00000240015	SNORD	SNORD116
ENSMUST00000240016	SNORA	SNORA17
ENSMUST00000240020	SNORD	SNORD115
ENSMUST00000240023	SNORA	SNORA17
ENSMUST00000240026	SNORD	SNORD116
ENSMUST00000240028	SNORD	SNORD115
ENSMUST00000240030	SNORD	SNORD115
ENSMUST00000240035	SNORD	SNORD115
ENSMUST00000240037	SNORD	SNORD115
ENSMUST00000240040	SNORA	SNORA17
ENSMUST00000240041	RNU2	U2
ENSMUST00000240047	SNORD	SNORD115
ENSMUST00000240057	SNORD	SNORD115
ENSMUST00000240061	SNORD	SNORD115
ENSMUST00000240063	SNORD	SNORD115
ENSMUST00000240072	SNORD	SNORD115
ENSMUST00000240077	SNORD	SNORD115
ENSMUST00000240083	SNORA	SNORA17
ENSMUST00000240090	SNORD	SNORD116
ENSMUST00000240094	SNORA	SNORA48
ENSMUST00000240095	SNORA	SNORA17
ENSMUST00000240098	SNORD	SNORD115
ENSMUST00000240100	SNORD	SNORD116
ENSMUST00000240101	SNORD	SNORD115
ENSMUST00000240104	SNORA	SNORA17
ENSMUST00000240105	SNORD	SNORD115
ENSMUST00000240109	SNORD	SNORD115
ENSMUST00000240122	SNORD	SNORD115
ENSMUST00000240125	SNORD	SNORD115
ENSMUST00000240128	SNORD	SNORD116
ENSMUST00000240132	SNORD	SNORD116
ENSMUST00000240137	SNORD	SNORD115
ENSMUST00000240140	SNORD	SNORD115
ENSMUST00000240144	SNORD	SNORD115
ENSMUST00000240145	RNU2	U2
ENSMUST00000240152	SNORD	SNORD116
ENSMUST00000240154	SNORD	SNORD115
ENSMUST00000240157	SNORD	SNORD116
ENSMUST00000240159	SNORD	SNORD115
ENSMUST00000240161	SNORA	SNORA5
ENSMUST00000240162	SNORD	SNORD116
ENSMUST00000240164	SNORA	SNORA17
ENSMUST00000240170	SNORD	SNORD115
ENSMUST00000240179	SNORD	SNORD115
ENSMUST00000240187	SNORD	SNORD115
ENSMUST00000240189	SNORD	SNORD116
ENSMUST00000240191	SNORA	SNORA48
ENSMUST00000240192	SNORD	SNORD115
ENSMUST00000240193	SNORD	SNORD115
ENSMUST00000240194	SNORA	SNORA17
ENSMUST00000240195	SNORD	SNORD115
ENSMUST00000240198	SNORD	SNORD116
ENSMUST00000240204	SNORA	SNORA17
ENSMUST00000240210	SNORD	SNORD116
ENSMUST00000240212	SNORD	SNORD115
ENSMUST00000240213	SNORD	SNORD115
ENSMUST00000240216	SNORD	SNORD115
ENSMUST00000240219	SNORA	SNORA17
ENSMUST00000240223	SNORD	SNORD115
ENSMUST00000240226	SNORD	SNORD50
ENSMUST00000240228	SNORD	SNORD116
ENSMUST00000240231	RNU2	U2
ENSMUST00000240233	SNORD	SNORD115
ENSMUST00000240234	SNORD	SNORD116
ENSMUST00000240241	SNORD	SNORD116
ENSMUST00000240242	SNORA	SNORA17
ENSMUST00000240243	SNORD	SNORD115
ENSMUST00000240244	SNORD	SNORD115
ENSMUST00000240248	SNORA	SNORA17
ENSMUST00000240249	SNORD	SNORD116
ENSMUST00000240256	SNORD	SNORD116
ENSMUST00000240260	SNORA	SNORA17
ENSMUST00000240263	SNORD	SNORD115
ENSMUST00000240269	SNORA	SNORA17
ENSMUST00000240270	SNORD	SNORD116
ENSMUST00000240274	SNORD	SNORD115
ENSMUST00000240275	SNORD	SNORD115
ENSMUST00000240281	SNORD	SNORD115
ENSMUST00000240282	SNORA	SNORA17
ENSMUST00000240292	SNORD	SNORD116
ENSMUST00000240294	SNORA	SNORA17
ENSMUST00000240296	SNORA	SNORA17
ENSMUST00000240298	SNORD	SNORD115
ENSMUST00000240305	SNORD	SNORD115
ENSMUST00000240310	SNORD	SNORD115
ENSMUST00000240314	SNORD	SNORD115
ENSMUST00000240315	SNORA	SNORA17
ENSMUST00000240318	SNORD	SNORD116
ENSMUST00000240320	SNORD	SNORD116
ENSMUST00000240324	SNORD	SNORD116
ENSMUST00000240332	SNORD	SNORD115
ENSMUST00000240340	SNORA	SNORA5
ENSMUST00000240341	SNORD	SNORD115
ENSMUST00000240342	SNORD	SNORD115
ENSMUST00000240344	SNORD	SNORD115
ENSMUST00000240347	SNORA	SNORA17
ENSMUST00000240348	SNORD	SNORD115
ENSMUST00000240354	SNORA	SNORA17
ENSMUST00000240356	SNORD	SNORD115
ENSMUST00000240359	SNORD	SNORD116
ENSMUST00000240368	SNORD	SNORD115
ENSMUST00000240379	RNU2	U2
ENSMUST00000240382	SNORD	SNORD115
ENSMUST00000240387	SNORD	SNORD115
ENSMUST00000240388	SNORD	SNORD115
ENSMUST00000240399	SNORA	SNORA48
ENSMUST00000240405	RNU2	U2
ENSMUST00000240413	SNORD	SNORD116
ENSMUST00000240421	SNORD	SNORD115
ENSMUST00000240425	SNORD	SNORD115
ENSMUST00000240426	SNORD	SNORD116
ENSMUST00000240428	SNORD	SNORD115
ENSMUST00000240437	SNORD	SNORD115
ENSMUST00000240439	SNORD	SNORD115
ENSMUST00000240442	SNORD	SNORD115
ENSMUST00000240443	SNORD	SNORD115
ENSMUST00000240444	SNORD	SNORD115
ENSMUST00000240447	SNORA	SNORA17
ENSMUST00000240451	SNORD	SNORD115
ENSMUST00000240452	SNORD	SNORD116
ENSMUST00000240459	SNORD	SNORD115
ENSMUST00000240464	SNORD	SNORD115
ENSMUST00000240472	SNORD	SNORD115
ENSMUST00000240480	SNORA	SNORA17
ENSMUST00000240482	SNORD	SNORD116
ENSMUST00000240483	SNORD	SNORD115
ENSMUST00000240489	SNORA	SNORA17
ENSMUST00000240491	SNORD	SNORD116
ENSMUST00000240496	SNORD	SNORD115
ENSMUST00000240499	SNORD	SNORD115
ENSMUST00000240505	SNORD	SNORD115
ENSMUST00000240507	SNORD	SNORD116
ENSMUST00000240515	SNORD	SNORD115
ENSMUST00000240516	SNORD	SNORD50
ENSMUST00000240518	SNORA	SNORA17
ENSMUST00000240523	SNORD	SNORD115
ENSMUST00000240526	SNORD	SNORD115
ENSMUST00000240528	SNORD	SNORD115
ENSMUST00000240529	SNORD	SNORD116
ENSMUST00000240532	SNORD	SNORD115
ENSMUST00000240535	RNU2	U2
ENSMUST00001239503	SNORD	SNORD115
ENSMUST00001239504	SNORD	SNORD115
ENSMUST00001239518	RNU2	U2
ENSMUST00001239521	SNORA	SNORA17
ENSMUST00001239536	SNORD	SNORD116
ENSMUST00001239545	SNORA	SNORA17
ENSMUST00001239547	SNORD	SNORD116
ENSMUST00001239548	SNORD	SNORD115
ENSMUST00001239551	SNORA	SNORA17
ENSMUST00001239553	SNORD	SNORD115
ENSMUST00001239554	SNORD	SNORD116
ENSMUST00001239557	SNORD	SNORD115
ENSMUST00001239558	SNORD	SNORD115
ENSMUST00001239559	SNORD	SNORD115
ENSMUST00020181739	SNORD	SNORD14
ENSMUST00020181919	SNORA	SNORA17
ENSMUST00020182044	SCARNA	SCARNA16
ENSMUST00020182064	SNORA	SNORA36
ENSMUST00020182237	SNORD	SNORD20
ENSMUST00020182284	SNORD	SNORD100
ENSMUST00020182350	SNORA	SNORA2
ENSMUST00020182423	SCARNA	SCARNA3
ENSMUST00020182528	RNA5-8S	5_8S_rRNA
ENSMUST00020182737	SNORA	SNORA19
ENSMUST00020182748	SCARNA	SCARNA15
ENSMUST00020182787	SNORD	SNORD33
ENSMUST00020182870	SNORA	SNORA58
ENSMUST00020183052	RNU6ATAC	U6atac
ENSMUST00020183305	SNORA	SNORA40
ENSMUST00020183435	SCARNA	SCARNA13
ENSMUST00020183439	SCARNA	SCARNA3
ENSMUST00020183534	RNA5-8S	5_8S_rRNA
ENSMUST00020183725	SNORA	SNORA19
ENSMUST00020183755	SNORD	SNORD59
